Destination_Batch,Source_Batch,Gallons_Contributed,Destination_Current_Volume,Destination_Is_On_Hand,Destination_Has_Left
CCASCK25E402,,0,0.0,False,False
CCASDC25CNTR,,0,0.0,False,False
PCAS0024VB01,,0,0.0,False,False
CROSMC250001,,0,0.0,False,False
GWR25-054-0044,,0,0.0,False,False
JMALSE2501,,0,0.0,False,False
CCASSE25E945,,0,0.0,False,False
CMUCV8250001,,0,0.0,False,False
CCAS082532R2,,0,0.0,False,True
CCAS0824BB01,,0,0.0,False,True
CPIGHG250001,,0,0.0,False,False
CREDJW25MFR1,,0,0.0,False,False
CCASMP25E9AB,,0,0.0,False,False
PPIGFL25LEES,,0,0.0,False,False
CCASDC250700,,0,0.0,False,False
CCAS082561R3,,0,0.0,False,True
CWHREG25OAK3,,0,0.0,False,False
CCASSE2410R1,,0,0.0,False,True
CCHACK25B48C,CCHACK250008,0.0,0.0,False,True
PSAB0025LEE1,,0,0.0,False,False
QCHAMP250004,,0,0.0,False,False
CCHAUF25BZ8B,CCHAUF250004,0.0,0.0,False,True
CCHAUF25BZ8B,CCHAUF250006,0.0,0.0,False,True
CCHA12250008,,0,0.0,False,True
GWR25-054-0065,,0,0.0,False,True
PMERFS253236,,0,0.0,False,False
CRED0024AUS1,,0,0.0,False,False
PPIG0025LEE5,,0,0.0,False,False
GWR25-054-0052,,0,0.0,False,False
JMERWM2507,,0,0.0,False,False
CMUCV8250005,,0,0.0,False,False
CCHALW25B1NB,CCHALW250002,0.0,0.0,False,True
CCAS0825E040,,0,0.0,False,True
QCASMS250489,,0,0.0,False,False
CMER152502R1,,0,0.0,False,True
CCAS0025IW01,,0,0.0,False,False
CCAS0825E311,,0,0.0,False,False
PCASAU25E018,,0,0.0,False,False
PCASAU251916,,0,0.0,False,False
PCHAMP250004,,0,0.0,False,True
UCAS15259906,,0,0.0,False,False
QCASMS250107,,0,0.0,False,False
QMERMP250005,,0,0.0,False,False
UMER1525MD08,,0,0.0,False,False
CGRE122527P1,,0,0.0,False,False
CCHACK25B48A,CCHACK250006,0.0,0.0,False,True
QMERMP250127,,0,0.0,False,False
CCHAAR25BF2A,CCHAAR250001,0.0,0.0,False,True
PROSEP250001,,0,0.0,False,False
PCASEP250206,,0,0.0,False,False
CCAS122517R1,,0,0.0,False,True
CCASCK2547R3,,0,0.0,False,True
CCAS0024CVC1,,0,0.0,False,False
CSYRSE241602,,0,0.0,False,False
PROSLQNVSPK1,,0,0.0,False,False
CMER082402R3,,0,0.0,False,False
PCASCK250146,,0,0.0,False,False
CCHAUF25BZ6A,CCHAUF250017,0.0,0.0,False,True
QMERFS253037,,0,0.0,False,False
CCAS1225E482,,0,0.0,False,True
CRED0025CSPM,,0,0.0,False,True
UVIO152519C5,,0,0.0,False,False
CSABCY250002,,0,0.0,False,False
CMOU082543R2,,0,0.0,False,True
GWR25-054-0101,,0,0.0,False,False
CWHREG251901,MWR0250023,0.0,0.0,False,True
GWR25-054-0040,GWR25-054-0042,0.0,0.0,False,True
CCAS0025BVV8,,0,0.0,False,True
CMER1225E091,,0,0.0,False,False
CCASCV22BB08,,0,0.0,False,False
MWR0250035,,0,0.0,False,True
PCASCK25E144,,0,0.0,False,True
CGEWFM25OAK2,,0,0.0,False,False
QROS14NVA013,,0,0.0,False,False
CCHAHG250009,CCHAHG250010,0.0,0.0,False,True
CMAL082552R1,,0,0.0,False,True
CMER12240901,,0,0.0,False,False
CCASSE25E9A1,,0,0.0,False,False
PWHWFL25LEE1,,0,0.0,False,True
CCASBV25E042,,0,0.0,False,False
UMER1525LO04,,0,0.0,False,False
CCAS0825EA01,,0,0.0,False,True
CSYRSP2503R2,,0,0.0,False,False
CMOUSE253BR1,,0,0.0,False,False
CPIGUF250003,,0,0.0,False,False
CCHALW25B1SA,CCHALW250004,0.0,0.0,False,True
CSABHG250003,,0,0.0,False,False
CCAS082506R2,,0,0.0,False,True
MWR0250027,,0,0.0,False,True
CWHRPT250005,,0,0.0,False,False
UCAF15259502,,0,0.0,False,False
CWHREG25W303,MWR0250017,0.0,0.0,False,True
QCHAAF250005,,0,0.0,False,False
UMER1525LO05,,0,0.0,False,False
CSYRCD251501,,0,0.0,False,False
QMERFS253730,,0,0.0,False,False
QCASEP250108,,0,0.0,False,False
CSABAR25BG1A,CSABAR250003,0.0,0.0,False,True
CCHACK250001,,0,0.0,False,True
PMERAU230051,,0,0.0,False,False
GWR25-054-0016,GWR25-054-0017,0.0,0.0,False,False
CWHR10240001,,0,0.0,False,False
CCAS0825E32X,,0,0.0,False,False
UMER15259301,,0,0.0,False,False
UMER1525UP02,,0,0.0,False,False
CCHAAF250007,,0,0.0,False,False
CMER122502R1,,0,0.0,False,False
CCAS0825E332,,0,0.0,False,False
CCASWM2501R2,,0,0.0,False,True
CCAS0023P005,,0,0.0,False,False
CVIOCD250002,,0,0.0,False,True
CSABLT240001-DSP,,0,0.0,False,True
CSYRSE250701,,0,0.0,False,False
CCAS0825E043,,0,0.0,False,True
CWHW0025FL01,MSB0250001,0.0,0.0,False,True
CCAFFS251R12,,0,0.0,False,False
QMERMP252625,,0,0.0,False,False
CVIOCD24OKTP,,0,0.0,False,False
PSYREP250121,,0,0.0,False,False
CSYRCD241502,,0,0.0,False,False
PCHAUA24CVM2,,0,0.0,False,False
PSYRCK250245,,0,0.0,False,False
CWHREG251929,MWR0250021,0.0,0.0,False,True
CCASDC25CONV,,0,0.0,False,True
QMERAO250133,,0,0.0,False,False
CWHRFS250019,,0,0.0,False,False
PCASAU25E216,,0,0.0,False,False
QREDST230001,,0,0.0,False,False
CREDSE24ZNPR,,0,0.0,False,False
CWHREG240004,,0,0.0,False,False
CWHRPT250004,,0,0.0,False,False
CCHAUF25BZ8D,,0,0.0,False,False
PROSUANV2224,,0,0.0,False,False
PCASAU250316,,0,0.0,False,False
CMERRM25E011,,0,0.0,False,False
DCHABRNVBAS2,,0,0.0,False,False
CCASSE2514R2,,0,0.0,False,True
CCAS082504R4,,0,0.0,False,True
CROS20250001,,0,0.0,False,False
CGRESE2505R1,,0,0.0,False,True
CCHAUF250011,,0,0.0,False,False
CCHAAR25BF2B,CCHAAR250003,0.0,0.0,False,True
UMER1525MD06,,0,0.0,False,False
PSYREP253521,,0,0.0,False,False
QCAS1422A002,,0,0.0,False,True
PCASCV23CVG1,,0,0.0,False,False
CCAM082541R1,,0,0.0,False,True
CMER12240902,,0,0.0,False,True
CMER08250202,,0,0.0,False,False
CROS1225GRE1,,0,0.0,False,False
PCASCK250246,,0,0.0,False,False
PSYRGE22A001,,0,0.0,False,False
CCHAWV250007,,0,0.0,False,True
GWR25-054-0046,,0,0.0,False,False
PCASEP250307,,0,0.0,False,False
CSABLT240002-DSP1,,0,0.0,False,True
CWHRER24OK14,,0,0.0,False,False
QMERMP25D002,,0,0.0,False,False
CPEV0023UA01,,0,0.0,False,False
CCAFFS251R10,,0,0.0,False,False
CROSCR250001,,0,0.0,False,False
CSYR082438R2,,0,0.0,False,False
CMERDN241302,,0,0.0,False,True
CCHAUF25BZ8A,CCHAUF250003,0.0,0.0,False,True
PCASCK241009,,0,0.0,False,True
PMERGE21UA03,,0,0.0,False,False
UMER15259304,,0,0.0,False,False
CMER12250033,,0,0.0,False,False
CMERRM2401R2,,0,0.0,False,False
PSABEP250002,,0,0.0,False,False
JCASAE2501,,0,0.0,False,False
CCHA12250003,,0,0.0,False,False
CSABCK250001,,0,0.0,False,False
CCAS0825E063,,0,0.0,False,False
CCHAWV25B07A,CCHAWV250002,0.0,0.0,False,True
PCHAGE230001,,0,0.0,False,False
QSYRCK250145,,0,0.0,False,False
PCHAAF250009,,0,0.0,False,False
GCSR25-054-0001,,0,0.0,False,False
PCASCK24EX01,,0,0.0,False,False
CVIOCD250001,,0,0.0,False,False
CSYRDN2503R1,,0,0.0,False,True
CCASSE2514R1,,0,0.0,False,True
GWR25-054-0066,,0,0.0,False,False
CGREMA2407D3,,0,0.0,False,False
CWHREG25OK14,,0,0.0,False,False
GCH25-054-0040,,0,0.0,False,False
PRED00230001,,0,0.0,False,False
PMERH322A001,,0,0.0,False,False
CGRESE2401P1,,0,0.0,False,False
CCHAAU250005,,0,0.0,False,True
CMER12240903,,0,0.0,False,False
CABAJM250002,,0,0.0,False,True
PCASBV250609,,0,0.0,False,True
PCHACK25B42A,PCHACK250002,0.0,0.0,False,True
CMERFS25E061,,0,0.0,False,True
QMERMP252924,,0,0.0,False,False
QMERDH23A001,,0,0.0,False,False
CMERFS2509R3,,0,0.0,False,False
CSYR0022UA06,,0,0.0,False,True
PMERGE22A001,,0,0.0,False,False
CMOUSE25E3B1,,0,0.0,False,False
CMERDC251302,,0,0.0,False,False
CCHA1225B47D,CCHA12250007,0.0,0.0,False,True
CSABCV240004,,0,0.0,False,False
CROSID250003,,0,0.0,False,False
PCASCK240013,,0,0.0,False,False
MWR0250026,,0,0.0,False,True
QMER1424STV1,,0,0.0,False,False
CCHA12250002,,0,0.0,False,True
CVIO12240001,,0,0.0,False,False
GWR25-054-0027,,0,0.0,False,True
PCHATXNV2504,,0,0.0,False,False
CCHAUF25CLN2,,0,0.0,False,True
CCASMP25E9C3,,0,0.0,False,False
CCHACK25B42B,CCHACK250004,0.0,0.0,False,True
CCAS082563R2,,0,0.0,False,True
CCAS1225E171,,0,0.0,False,False
JCAF152402-CR,,0,0.0,False,True
CMOUSE244BP1,,0,0.0,False,False
QWHW00NV0003,,0,0.0,False,False
CCAS122518R1,,0,0.0,False,True
CCAS0825E312,,0,0.0,False,False
JMERRMWM2401,,0,0.0,False,False
CSABCK250003,,0,0.0,False,False
PCASEP240101,,0,0.0,False,False
CRED0024P002,,0,0.0,False,False
CMERFS25E081,,0,0.0,False,True
CCHASW220001,,0,0.0,False,False
CCASMS25E103,,0,0.0,False,True
QCASCK250044,,0,0.0,False,False
PSAB0025LEE7,,0,0.0,False,False
CPIGAR250003,,0,0.0,False,False
CMER082535R3,,0,0.0,False,True
PCASCK240022,,0,0.0,False,False
CSYRSP240302,,0,0.0,False,False
PCASAU250219,,0,0.0,False,False
CSYR0024P001,,0,0.0,False,False
CMERAO243601,,0,0.0,False,True
CCHAUF25BZ1A,CCHAUF250012,0.0,0.0,False,True
CSABAF250004,,0,0.0,False,True
CCASEC22BT01,,0,0.0,False,False
CGREJW241BP1,,0,0.0,False,False
PCHAUA24CVM1,,0,0.0,False,False
CCHAWV25B61A,CCHAWV250001,0.0,0.0,False,True
CCHACK250003,,0,0.0,False,True
CGRE082446D1,CSYRSP240401,0.0,0.0,False,False
QSYREP250001,,0,0.0,False,False
GWR25-054-0063,,0,0.0,False,False
QMER08250001,,0,0.0,False,False
CSABFM250004,,0,0.0,False,False
JMERAE2502,,0,0.0,False,False
CSYREP253101,,0,0.0,False,False
QSYRCK250245,,0,0.0,False,False
CWHRTD250008,,0,0.0,False,False
PSAB0025LEE2,,0,0.0,False,False
QREDHTNV1.5L,,0,0.0,False,False
QCASCK250144,,0,0.0,False,False
CZINMA2404R1,,0,0.0,False,False
CCAS0025AOMP,,0,0.0,False,True
CCAS0825E101,,0,0.0,False,False
QCASMS250408,,0,0.0,False,False
CSYRDN2403R1,,0,0.0,False,False
JPEVSE2501,,0,0.0,False,False
CROSCK250011,,0,0.0,False,False
CWHR0024CONS,,0,0.0,False,False
PSYRSP250203,,0,0.0,False,False
PREDUA21R001,,0,0.0,False,False
CCASCV22BB10,,0,0.0,False,False
STRIPWATER2509,CSABLT240002-DSP1,0.0,0.0,False,True
UCAF15250108,,0,0.0,False,False
CWHRFS250010,,0,0.0,False,False
CCHAIW24A004,,0,0.0,False,False
PREDXXNV2200,,0,0.0,False,False
PCHAUA24CVM3,,0,0.0,False,False
QCASMP250192,,0,0.0,False,False
CCASAU250101,,0,0.0,False,False
QREDHT22A001,,0,0.0,False,False
CCHASW240001,,0,0.0,False,False
QMER10240008,,0,0.0,False,False
CCHACV24A005,,0,0.0,False,False
CCAFFS2501R5,,0,0.0,False,False
CMOU082443P1,,0,0.0,False,False
MCH0250004,,0,0.0,False,True
DCHABRNV0012,,0,0.0,False,False
CCASCV22BB07,,0,0.0,False,False
CSYRSE2411P1,,0,0.0,False,False
MWR0250012,,0,0.0,False,False
CCASMP25LITE,,0,0.0,False,False
PCASH322A003,,0,0.0,False,False
CSABAF25B34A,CSABAF250003,0.0,0.0,False,True
CCHAFL25LEE2,,0,0.0,False,False
CCHAMM24A001,,0,0.0,False,False
UCAF15249501,,0,0.0,False,False
PCASGE23A001,,0,0.0,False,False
CCHAUF25BZ2A,CCHAUF250013,0.0,0.0,False,True
CCASMP25E9A2,,0,0.0,False,False
QPIG14NVCAN1,,0,0.0,False,False
PSAB0025LEE3,CSABMP250003,0.0,0.0,False,True
CWHRPT250014,,0,0.0,False,False
CPIGFL25WHR1,,0,0.0,False,False
PCAFCR250018,,0,0.0,False,False
QSYREP25MC01,,0,0.0,False,False
CCAS0024CV01,,0,0.0,False,False
QCHA1423A001,,0,0.0,False,False
CGEWCV240001,,0,0.0,False,False
CMERCV23BB01,CRED0024HTSL,0.0,0.0,False,True
QSYREP250002,,0,0.0,False,False
CSYRDN2503R2,,0,0.0,False,True
CWHRCV24B004,,0,0.0,False,False
CCASMP25E9A6,,0,0.0,False,False
PCHAUANV2303,,0,0.0,False,False
JCASAE2501-2,,0,0.0,False,False
GWR24-054-0049,,0,0.0,False,True
PROSUA220001,,0,0.0,False,False
CMERCV22BB02,,0,0.0,False,True
CWHRER240005,,0,0.0,False,False
QMERMP250001,,0,0.0,False,False
CMOUSE243BP4,,0,0.0,False,False
CGRE082501R2,,0,0.0,False,True
CSYRCD241503,,0,0.0,False,False
CRED0025CV01,,0,0.0,False,True
CCAS122419R6,,0,0.0,False,True
CWHREG25EGG8,,0,0.0,False,False
CVIOUF250002,,0,0.0,False,True
CCASIW23BB01,,0,0.0,False,False
PCHA0024OK11,,0,0.0,False,False
QCASMS250105,,0,0.0,False,False
CMER1224R403,,0,0.0,False,False
QMERFS250210,,0,0.0,False,False
PROSLQNVSPK6,,0,0.0,False,False
CMER1224R401,,0,0.0,False,False
CWHRUF250005,,0,0.0,False,False
QCHAMP250001,,0,0.0,False,False
UMER1525MD02,,0,0.0,False,False
UCAF1825N102,,0,0.0,False,False
PCHATXNV2502,,0,0.0,False,True
QMERMP250126,,0,0.0,False,False
CSABEP25TUL5,,0,0.0,False,False
CWHRCV24A009,,0,0.0,False,False
CCAS0825E062,,0,0.0,False,False
CCASAU250205,,0,0.0,False,False
CGRE0023UA01,,0,0.0,False,False
GWR25-054-0017,,0,0.0,False,True
CPIGHG250002,,0,0.0,False,True
CWHRPT250006,,0,0.0,False,False
CCHA08250003,,0,0.0,False,True
CCAS12255201,,0,0.0,False,False
PCASAU250118,,0,0.0,False,False
PCASCK240019,,0,0.0,False,False
PCASCK240020,,0,0.0,False,False
PCASCK250144,,0,0.0,False,False
CCAS0825E041,,0,0.0,False,False
CMAL0825E521,,0,0.0,False,True
CCHAAF250005,,0,0.0,False,True
CMOUSE25E4B1,,0,0.0,False,False
CMER08251901,,0,0.0,False,False
CCAS322513R1,,0,0.0,False,True
CCAS082531R2,,0,0.0,False,True
CCHAAR250006,,0,0.0,False,False
PCHACK25B42P,PCHACK250003,0.0,0.0,False,True
CMER0024P001,,0,0.0,False,False
PSABFL25LEE9,,0,0.0,False,False
CWHRCV24B002,,0,0.0,False,True
CCASMA240221,,0,0.0,False,False
QRED0023SWT8,,0,0.0,False,False
CWHREG253829,,0,0.0,False,False
CWHREG25W305,,0,0.0,False,True
MWR0250028,,0,0.0,False,True
QCASMS25E024,,0,0.0,False,False
CMER0024P003,,0,0.0,False,False
UMER15259303,,0,0.0,False,False
CCASMP259BR1,,0,0.0,False,False
CCASCV22BB09,,0,0.0,False,False
CGRESE2501R1,,0,0.0,False,True
USYR15259802,,0,0.0,False,False
CSABHH25AFEP,,0,0.0,False,False
PCAFCR230052,,0,0.0,False,False
QROS14NVCAN6,,0,0.0,False,False
PCHACK250004,,0,0.0,False,True
PCAFJW250012,,0,0.0,False,False
CPIGHG250003,,0,0.0,False,False
CSABFS250003,,0,0.0,False,False
DCHABRNVBAS1,,0,0.0,False,False
UMAL15250101,,0,0.0,False,False
DCHABRNV0008,,0,0.0,False,False
GWR25-054-0049,,0,0.0,False,False
CGRE082546R1,,0,0.0,False,True
JMERJW2504,,0,0.0,False,False
GWR25-054-0054,,0,0.0,False,False
GWR25-054-0045,,0,0.0,False,True
CSABEP25B28A,CSABEP250001,0.0,0.0,False,True
CCAS122548R3,,0,0.0,False,True
UCAS15250103,,0,0.0,False,False
CTEMSE2425R2,,0,0.0,False,False
CSYRSE2411R2,,0,0.0,False,False
CCAFMP25E012,,0,0.0,False,False
PMERMP250328,,0,0.0,False,False
PPIGUF250001,,0,0.0,False,False
GWR25-054-0042,,0,0.0,False,True
QCASEP250408,,0,0.0,False,False
CMUCV8250003,,0,0.0,False,False
PROSUA220003,,0,0.0,False,False
PCASAU25E218,,0,0.0,False,False
CSABEP250003,,0,0.0,False,False
CROSCK250008,,0,0.0,False,False
QCASCV241000,,0,0.0,False,False
CCAF082515R2,,0,0.0,False,True
CCASMP25E9B3,,0,0.0,False,False
CCAS1225E191,,0,0.0,False,False
PPIGDR25HP01,,0,0.0,False,False
CWHRPT250002,,0,0.0,False,False
CMER122408R1,,0,0.0,False,True
CWHRTD250004,,0,0.0,False,False
PSABEP25BERY,,0,0.0,False,False
CMER1225E092,,0,0.0,False,False
CMER122509R3,,0,0.0,False,True
GWR25-054-0073,GWR25-054-0074,0.0,0.0,False,True
CMER082535R2,,0,0.0,False,True
CROSEP250001,,0,0.0,False,False
CGRE122527D2,CGRE122527R2,0.0,0.0,False,True
CSABAF250001,,0,0.0,False,True
CPIGAR250001,,0,0.0,False,True
PMERH323STV4,,0,0.0,False,False
JMERCV23FB01-CR,,0,0.0,False,False
CCHAAF250002,,0,0.0,False,True
CSYR0025EPCD,,0,0.0,False,True
CMER082435R2,,0,0.0,False,True
CMOUSE253BR2,,0,0.0,False,True
PCAS0024BAS1B,,0,0.0,False,False
QCHAAF250001,,0,0.0,False,False
CCHA12250006,,0,0.0,False,True
CCAF1225E531,,0,0.0,False,True
--,,0,0.0,False,False
PCASTBNV2506,,0,0.0,False,False
CMER08251801,,0,0.0,False,True
CMER08251802,,0,0.0,False,False
CWHRCV24DRY7,,0,0.0,False,False
PCHAMP25B50B,PCHAMP250003,0.0,0.0,False,True
JCASKE2503,,0,0.0,False,False
CMER152501R4,,0,0.0,False,False
CSYR0024BSOX,CSYRBS24BB01,0.0,0.0,False,False
CSABFM250002,,0,0.0,False,False
CCHAIM24A001,,0,0.0,False,False
CCHACV24A008,,0,0.0,False,False
DCHABRNV0010,,0,0.0,False,False
CCAFFS251R14,,0,0.0,False,True
PZINJJ140032,,0,0.0,False,False
QMER14231002,,0,0.0,False,False
PREDUN220001,,0,0.0,False,False
CWHRER24OAK2,,0,0.0,False,False
JPEVSE2401,,0,0.0,False,False
PMERH323STV2,,0,0.0,False,False
CSABAV250005,,0,0.0,False,False
PMER08250101,,0,0.0,False,False
CCHACR24A002,,0,0.0,False,False
QMER00240001,,0,0.0,False,False
PPIGAR250001,,0,0.0,False,False
PCHACK24STAV1,,0,0.0,False,False
CCASMP255762,,0,0.0,False,False
CCAS1225E495,,0,0.0,False,False
PCASAU250416,,0,0.0,False,True
CMER152501R3,,0,0.0,False,False
CWHRUF250002,,0,0.0,False,False
PSYREP250321,,0,0.0,False,True
CMERIW22BB06,,0,0.0,False,False
PCASAU240005,,0,0.0,False,False
JCASBD2505,,0,0.0,False,False
CCAS122519R1,,0,0.0,False,True
QSAB1424A001,,0,0.0,False,False
CCAS082533R2,,0,0.0,False,True
PCHACK25B42B,PCHACK250003,0.0,0.0,False,True
PROSHP250005,,0,0.0,False,False
CSYR0025IW01,,0,0.0,False,True
CCHAWV25B59B,CCHAWV250004,0.0,0.0,False,True
CCAS082506R4,,0,0.0,False,True
CCHAUF250010,,0,0.0,False,False
CCAS082566R1,,0,0.0,False,True
CCAS08255001,,0,0.0,False,False
PCHAAF250014,,0,0.0,False,True
CCAS0825E621,,0,0.0,False,True
QMERMP250125,,0,0.0,False,False
QCHAAU250010,,0,0.0,False,False
CCASMP25E9C1,,0,0.0,False,False
QCAS0024SS01,,0,0.0,False,False
CMER12241601,CMER12248R95,0.0,0.0,False,True
PMERJW250006,,0,0.0,False,False
MWR0250010,,0,0.0,False,True
CWHRPT250012,,0,0.0,False,False
GWR25-054-0081,,0,0.0,False,False
CCASBV25E041,,0,0.0,False,False
PCHAMP25B50A,PCHAMP250001,0.0,0.0,False,True
CVIOUF25BZ8A,CVIOUF250002,0.0,0.0,False,True
CCASMP25E9B2,,0,0.0,False,False
CCASDC250709,,0,0.0,False,False
CCHAMP250001,,0,0.0,False,True
PCASCK241011,,0,0.0,False,True
QRED0023SWT7,,0,0.0,False,False
PSYRGE25EPSP,,0,0.0,False,False
QCASMS251405,,0,0.0,False,False
UCAS15250101,,0,0.0,False,False
CSYRCD241501,,0,0.0,False,False
CPIGHG250004,,0,0.0,False,False
QCASEP251004,,0,0.0,False,False
CPEV12243201,,0,0.0,False,True
CCHAHG250002,,0,0.0,False,False
PCHAAF250003,,0,0.0,False,True
CWHREG25W302,,0,0.0,False,False
CWHRFS250006,,0,0.0,False,False
CCASQT2517R2,,0,0.0,False,False
PCASAU25E116,,0,0.0,False,False
CMERSE2519R1,,0,0.0,False,True
QMERMP252739,,0,0.0,False,False
PCHAAF250005,,0,0.0,False,True
CSYR082538R1,,0,0.0,False,True
CSYRSE253116,,0,0.0,False,False
PSABGW250003,,0,0.0,False,False
CCHBAH250001,,0,0.0,False,True
PPIGDR250001,,0,0.0,False,True
CSABHH250001,,0,0.0,False,False
QSYR1424STV2,,0,0.0,False,False
CCHAAF250003,,0,0.0,False,False
CCHA1225CON13,,0,0.0,False,False
CSABCK250002,,0,0.0,False,False
CMERRM2401R3,,0,0.0,False,True
CCHAAF250004,,0,0.0,False,False
CSYREP252201,,0,0.0,False,False
CCHAWV250003,,0,0.0,False,True
CCHAAF250011,,0,0.0,False,True
QRED00241111,,0,0.0,False,False
QMERMP240002,,0,0.0,False,False
PMERMP250122,,0,0.0,False,False
PCASMP250065,,0,0.0,False,False
GWR25-054-0082,,0,0.0,False,False
CMERDC25E132,,0,0.0,False,False
CCHACR24A001,,0,0.0,False,False
QCHAAU250003,,0,0.0,False,False
CWHRFS250014,,0,0.0,False,False
GSYR25-054-0002,,0,0.0,False,False
GWR25-054-0057,,0,0.0,False,False
CMERDN2513R1,,0,0.0,False,True
CMER12251602,,0,0.0,False,False
CMER08251918,,0,0.0,False,True
MWR0250005,,0,0.0,False,True
CCAF1825S1P1,,0,0.0,False,False
CCHACK250007,,0,0.0,False,True
CPEV08255102,,0,0.0,False,False
CCASIW22BB07,,0,0.0,False,False
PSYRDR240100,,0,0.0,False,False
CCHAAF250006,,0,0.0,False,False
CCASDC250706,,0,0.0,False,False
CCASAE2502R1,,0,0.0,False,True
CWHRPT250008,,0,0.0,False,False
PPIGFL250001,,0,0.0,False,False
CCAS082506R1,,0,0.0,False,True
CCHACV24A007,,0,0.0,False,True
CWHRCD250001,,0,0.0,False,False
CSYR002508SE,,0,0.0,False,True
CCASMP249B02,,0,0.0,False,True
GSB25-054-0018,,0,0.0,False,False
CMER152501R2,,0,0.0,False,False
CCASQT2517R1,,0,0.0,False,True
QPIG14NVCAN9,,0,0.0,False,False
CWHREG252902,,0,0.0,False,False
GWR25-054-0019,GWR25-054-0020,0.0,0.0,False,True
QRED00250003,,0,0.0,False,False
CCHAAF250012,,0,0.0,False,False
CCHAAF250013,,0,0.0,False,True
PSABCD250001,,0,0.0,False,False
CCHA0825B21A,CCHA08250003,0.0,0.0,False,True
CMERSE2415R3,,0,0.0,False,True
CTEMSE2525R1,,0,0.0,False,True
CCAS0024CVE1,,0,0.0,False,False
CCASSE2514R3,,0,0.0,False,True
CWHRHS240007,,0,0.0,False,False
PCHAFL250002,,0,0.0,False,False
GWR25-054-0011,,0,0.0,False,True
QCASMP250197,,0,0.0,False,False
CCHA0825LACT,CCHA0825B20B,0.0,0.0,False,True
QCASCK250644,,0,0.0,False,False
CCHAHP250003,,0,0.0,False,True
PCAS0024BAS2B,,0,0.0,False,False
PCHAAF250010,,0,0.0,False,True
PCHA0025LEE3,,0,0.0,False,False
CMOUSE254AR2,,0,0.0,False,True
QRED1423STP5,,0,0.0,False,False
CCHAUF250014,,0,0.0,False,False
CCAS1225E172,,0,0.0,False,False
PCASCK240023,,0,0.0,False,False
UCAS15259904,,0,0.0,False,False
CCAS0825E672,,0,0.0,False,False
CMUC08240004,,0,0.0,False,False
CSYRSP240401,,0,0.0,False,True
CSYR08243801,,0,0.0,False,False
GWR25-054-0007,,0,0.0,False,False
CMER122509R1,,0,0.0,False,True
CCHAMP250005,,0,0.0,False,False
UCAF15259503,,0,0.0,False,False
CCASMP25E9A1,,0,0.0,False,False
PROSUA220011,,0,0.0,False,False
QWHW14NVCAN1,,0,0.0,False,False
QCASCK250444,,0,0.0,False,False
QCASMS250607,,0,0.0,False,False
CCAS0825E310,,0,0.0,False,True
PCASCK250140,,0,0.0,False,True
QCHAAU250006,,0,0.0,False,False
CWHREG252903,,0,0.0,False,False
CCHAHG250010,,0,0.0,False,True
CCHAWV25B69A,CCHAWV250005,0.0,0.0,False,True
QCHAMP250005,,0,0.0,False,False
CCAS082533R4,,0,0.0,False,True
PCASBV250023,,0,0.0,False,False
CCAS122548R1,,0,0.0,False,False
CCASWM25E680,,0,0.0,False,False
CCHAWV250005,,0,0.0,False,True
CCASCK2547R2,,0,0.0,False,True
UMER1525UP05,,0,0.0,False,False
PMERMP240052,,0,0.0,False,False
CMER12241201,,0,0.0,False,True
JCAFFN2401,,0,0.0,False,False
CCHAUF250003,,0,0.0,False,True
PCASGE23STV1,,0,0.0,False,False
GWR25-054-0028,,0,0.0,False,True
UCAS15259901,,0,0.0,False,False
CWHREG252901,MWR0250024,0.0,0.0,False,True
CMER122509R2,,0,0.0,False,True
QRED0023SWT10,,0,0.0,False,False
CCAS08252301,,0,0.0,False,False
QCASMS2503R2,,0,0.0,False,False
CSYRSP2503R4,,0,0.0,False,False
CPRISE24056B,,0,0.0,False,False
PCHAAF25B31B,PCHAAF250008,0.0,0.0,False,True
CMERBS24BB01,,0,0.0,False,True
CCHAAU250004,,0,0.0,False,False
QMERMP25STV1,,0,0.0,False,False
CMER0024P002,,0,0.0,False,False
CSABAV250002,,0,0.0,False,False
CGRE0824ALP1,,0,0.0,False,False
CCASCK25E401,,0,0.0,False,False
QPIGDR25EGG7,PPIGDR250001,0.0,0.0,False,True
CMER08251819,,0,0.0,False,False
UCAF15259505,,0,0.0,False,False
PCAS002300T5,,0,0.0,False,False
UCAF15259507,,0,0.0,False,False
GWR25-054-0048,,0,0.0,False,True
CMERDC241304,,0,0.0,False,False
PREDTBNV2505,,0,0.0,False,False
CCAFFS2501R7,,0,0.0,False,False
QSYRGR240002,,0,0.0,False,False
UCAS15259902,,0,0.0,False,False
GWR25-054-0061,,0,0.0,False,False
PREDTBNV2504,,0,0.0,False,False
CCHACV24B007,,0,0.0,False,False
UMER1525MD04,,0,0.0,False,False
CCAS1225EIW2,CCAS1225E180,0.0,0.0,False,True
QCASEP251003,,0,0.0,False,False
CCAFFS251R11,,0,0.0,False,False
PCASAU250318,,0,0.0,False,True
CCHA1225B45A,CCHA12250004,0.0,0.0,False,True
CGRE122427D1,,0,0.0,False,False
CWHRPT250009,,0,0.0,False,False
CSYR08254202,,0,0.0,False,False
CMOU122527R1,,0,0.0,False,True
CCAS0825E103,,0,0.0,False,False
CSYR0022UA05,,0,0.0,False,False
CWHRTD250009,,0,0.0,False,False
CCHAAR25INSA,CCHAAR250001,0.0,0.0,False,True
CCAFDN2504R1,,0,0.0,False,True
CSABCV240001,,0,0.0,False,False
CCASCV22BB04,,0,0.0,False,False
CWHRCV24B001,,0,0.0,False,False
PCHACK250005,,0,0.0,False,True
UPEV15250601,,0,0.0,False,False
JMERCV23FB01,,0,0.0,False,True
JCASKE2503-T,,0,0.0,False,False
CCASMP258547,,0,0.0,False,True
CCHAAR250001,,0,0.0,False,True
CSYR08253802,,0,0.0,False,False
CCHACK250008,,0,0.0,False,True
CSYR0025IW12,,0,0.0,False,False
CCASMP25E9A5,,0,0.0,False,False
GWR25-054-0029,GWR25-054-0039,0.0,0.0,False,False
QMER08250002,,0,0.0,False,False
CCASSE249AR1,,0,0.0,False,True
PMERFS250436,,0,0.0,False,False
CWHRTD250011,,0,0.0,False,False
CCHACV24B001,,0,0.0,False,False
GSYR25-054-0018,GSYR25-054-0001,0.0,0.0,False,True
PSYR0021RP12,,0,0.0,False,False
CWHRUF250003,,0,0.0,False,False
QCAS1423A002,,0,0.0,False,False
CSABCY250003,,0,0.0,False,False
CCASMP25E9D5,,0,0.0,False,False
PCHAKN23IW01,,0,0.0,False,False
GSYR25-054-0012,,0,0.0,False,True
CMERFS250502,,0,0.0,False,False
QCASMS250004,,0,0.0,False,False
CWHRFL250002,,0,0.0,False,False
PSABAV250002,,0,0.0,False,False
CCHAUF250015,,0,0.0,False,True
QMER14231003,,0,0.0,False,False
CCAFMP25E013,,0,0.0,False,False
CRED0024HTSL,,0,0.0,False,True
CWHREG253805,,0,0.0,False,True
PWHW0025LEE2,,0,0.0,False,False
CCASCV22BB06,,0,0.0,False,False
CCAS0825E671,,0,0.0,False,False
CCAS122417R1,,0,0.0,False,True
CCHALW25B1ND,CCHALW250002,0.0,0.0,False,True
CCASSE2510R2,,0,0.0,False,True
CCHA1225HTPA,,0,0.0,False,True
CWHREG251004,,0,0.0,False,False
PROSCK250002,,0,0.0,False,False
CRED0024IMP1,,0,0.0,False,False
CSYRSE241601,,0,0.0,False,False
CMERSE2415R4,,0,0.0,False,False
PSABEP25B27A,PSABEP250001,0.0,0.0,False,True
CSYRSP2503R3,,0,0.0,False,False
CGEWFM250002,,0,0.0,False,False
PCASJS230001,,0,0.0,False,False
UCAF15250104,,0,0.0,False,False
CMERDN2513R2,,0,0.0,False,True
PCASGE22A001,,0,0.0,False,False
CMERAE2502R1,,0,0.0,False,True
CGRESE2505D1,CGRESE2505R1,0.0,0.0,False,True
CWHRLW250001,MWR0250001,0.0,0.0,False,True
PCHAGE24OLDB,,0,0.0,False,False
QCAS08250122,,0,0.0,False,False
CMERAE2501R1,,0,0.0,False,True
CSABEP25OVFL,,0,0.0,False,False
GWR25-054-0008,,0,0.0,False,False
CCHAHG250005,,0,0.0,False,False
PCASGE23STV3,,0,0.0,False,False
CCASWS2599R1,,0,0.0,False,True
CWHRTD250001,,0,0.0,False,False
CCASDC250701,,0,0.0,False,False
QREDST220001,,0,0.0,False,False
CCAS08256501,,0,0.0,False,False
CCAS1225E182,,0,0.0,False,False
CRED12230001,,0,0.0,False,False
CMER12250834,,0,0.0,False,False
GSYR25-054-0010,,0,0.0,False,True
CWHRLW250003,MWR0250005,0.0,0.0,False,True
CSYRAE2417D2,,0,0.0,False,False
JMERFS2506,,0,0.0,False,False
CCASCK254601,,0,0.0,False,False
PROSHP250003,,0,0.0,False,True
CMER122408R8,,0,0.0,False,True
CMAL0825E522,,0,0.0,False,False
CMER12251601,,0,0.0,False,False
CCASWM25E681,,0,0.0,False,False
CCHAUF250004,,0,0.0,False,True
CMERFS25E091,,0,0.0,False,False
CCHA0825B20P,CCHA08250002,0.0,0.0,False,True
CCASCV22BB03,,0,0.0,False,False
CCASMP258402,,0,0.0,False,False
CPIGUF250002,,0,0.0,False,False
QCHAMP250002,,0,0.0,False,False
CCHAIW24A003,,0,0.0,False,False
PCHACK250003,,0,0.0,False,True
PCAS002300T2,,0,0.0,False,False
CWHRFL250003,,0,0.0,False,False
PSABFL25LEE3,,0,0.0,False,False
CCASIW22BB05,,0,0.0,False,False
QSYRCK250345,,0,0.0,False,False
QSYR1424STV1,,0,0.0,False,False
PSAB0025LEE11,,0,0.0,False,False
CMERCV22BB03,,0,0.0,False,False
PCASAU250419,,0,0.0,False,False
PCHACF240002,,0,0.0,False,False
QCAS0023DRM1,,0,0.0,False,False
CCAS1225E181,,0,0.0,False,False
QMERMP250129,,0,0.0,False,False
CSABPT250001,,0,0.0,False,False
CCAS082533R3,,0,0.0,False,True
CWHR0025LEE1,,0,0.0,False,False
PMERMP252322,,0,0.0,False,False
PCASBV250114,,0,0.0,False,False
PSAB0025LEE4,,0,0.0,False,False
CRED0825ETST,,0,0.0,False,True
CPIGAR250002,,0,0.0,False,False
CROSEP250003,,0,0.0,False,False
PCASBV250005,,0,0.0,False,False
PMERMP250028,,0,0.0,False,False
QRED0023SWT9,,0,0.0,False,False
CMOUSE243BR1,,0,0.0,False,False
JCAS122409-CR,,0,0.0,False,True
PCHACK25WB02,PCHACK250004,0.0,0.0,False,True
CCHAAR250003,,0,0.0,False,True
CWHRPT250010,,0,0.0,False,False
PRED00241000,,0,0.0,False,False
CCAS0825E333,,0,0.0,False,False
CCAS0024CVB1,,0,0.0,False,False
CCHAHG250006,,0,0.0,False,False
PCASMP250166,,0,0.0,False,False
QCASMP259497,,0,0.0,False,False
CCASDC250711,,0,0.0,False,False
PCINMP230051,,0,0.0,False,False
CCASMP256160,,0,0.0,False,False
CCHAAR250005,,0,0.0,False,False
GWR25-054-0055,,0,0.0,False,False
PCASCK250147,,0,0.0,False,False
CCASCK2540R3,,0,0.0,False,True
JMERKE2505,,0,0.0,False,False
CCAS0825E060,,0,0.0,False,False
PRED0023HKC1,,0,0.0,False,False
CROSEP250005,,0,0.0,False,False
PCHATXNV2503,,0,0.0,False,False
UMER1525UP04,,0,0.0,False,False
CSYRSP2503R1,,0,0.0,False,True
PSABMP250002,,0,0.0,False,False
GSYR25-054-0004,,0,0.0,False,False
CCHACV24A004,,0,0.0,False,False
CROSCK250007,,0,0.0,False,False
CCHAMP250003,,0,0.0,False,False
PCASAU250218,,0,0.0,False,False
PMERMP230051,,0,0.0,False,False
PREDIT250002,,0,0.0,False,False
CWHRHS240004,,0,0.0,False,False
GWR25-054-0074,,0,0.0,False,True
QMERMP25D001,,0,0.0,False,False
PMALCR230052,,0,0.0,False,False
PMERMP250023,,0,0.0,False,False
GCSR25-054-0002,,0,0.0,False,True
UCAS15259903,,0,0.0,False,False
CCASWS2499R1,,0,0.0,False,True
PPIGLQ240001,,0,0.0,False,False
PCHAMP250001,,0,0.0,False,True
CMALJW257BR1,,0,0.0,False,True
CROSEP250008,,0,0.0,False,False
CCHBCD25B12A,CCHBCD250001,0.0,0.0,False,True
USYR15250101,,0,0.0,False,False
CCASAU250103,,0,0.0,False,True
QCHAAU250013,,0,0.0,False,False
PCHACK250001,,0,0.0,False,True
QCASCK250244,,0,0.0,False,False
JSYRAE2401,,0,0.0,False,False
CMER12250803,,0,0.0,False,False
QCASCK250344,,0,0.0,False,False
CCASMS25E100,,0,0.0,False,True
CCAS08254926,,0,0.0,False,False
CCHACK25B41B,CCHACK250002,0.0,0.0,False,True
PMALJW250008,,0,0.0,False,False
QCHAAU250009,,0,0.0,False,False
JCASSE2502,,0,0.0,False,False
CCASQT2540R1,,0,0.0,False,True
PCASCK24CC09,,0,0.0,False,False
CWHRUF250004,,0,0.0,False,False
JCASKE2503 - B,,0,0.0,False,False
CCHBJM250001,,0,0.0,False,False
CCASCV23BB03,,0,0.0,False,False
QCASMS250109,,0,0.0,False,False
UMER1525MD05,,0,0.0,False,False
CCASMP25E9D0,,0,0.0,False,False
PCHACK25BWB01,PCHACK250004,0.0,0.0,False,True
PCHAUANV2302,,0,0.0,False,False
CCAS08254501,,0,0.0,False,False
QMERFS250010,,0,0.0,False,False
QMERAO240001,,0,0.0,False,False
CSABHG250002,,0,0.0,False,False
QREWCS22PRT2,,0,0.0,False,False
CMER0023P001,,0,0.0,False,False
CCASSE25E5S1,,0,0.0,False,False
PCASCK24CCHP,,0,0.0,False,False
CSYRSE240711,,0,0.0,False,False
PCHA0025LEE4,,0,0.0,False,False
PSABCD250002,,0,0.0,False,False
CCHACV24B002,,0,0.0,False,False
PCASJS230003,,0,0.0,False,False
CSYR122428P1,,0,0.0,False,False
PMERMP250156,,0,0.0,False,False
GGT25-054-0003,,0,0.0,False,False
CWHREG253802,MWR0250030,0.0,0.0,False,True
CMER1225E122,,0,0.0,False,False
CCAFCR251801,,0,0.0,False,True
CSYRSP250301,,0,0.0,False,True
GSB25-054-0012,,0,0.0,False,False
CMER12253534,,0,0.0,False,False
CSABFM250001,,0,0.0,False,False
CWHRFS250007,,0,0.0,False,False
CSYR08244201,,0,0.0,False,False
CCASMP255060,,0,0.0,False,False
PCAS0024BAS1C,,0,0.0,False,False
PPIGAF250002,,0,0.0,False,False
QCASMP254209,,0,0.0,False,False
USYR15259803,,0,0.0,False,False
CCASAU250202,,0,0.0,False,False
PRED0025PR01,,0,0.0,False,False
CCASIW252401,,0,0.0,False,False
CCHAAU25B09A,CCHAAU250005,0.0,0.0,False,True
CMER12248R95,,0,0.0,False,True
CCAS082504R2,,0,0.0,False,True
PSABFL250001,,0,0.0,False,False
CGEWFM250003,,0,0.0,False,True
CRED0025IW01,,0,0.0,False,False
QSYRGR240001,,0,0.0,False,False
CCASMP25CV01,,0,0.0,False,False
CCAS0022MIMI,,0,0.0,False,False
CCASMP256150,,0,0.0,False,False
CPIGHG25BBK1,CPIGHG250002,0.0,0.0,False,True
QCHAAU2501OW,,0,0.0,False,False
PCHATXNV2509,PCHATXNV2502,0.0,0.0,False,False
PSYRSP250103,,0,0.0,False,False
CMER0825701,,0,0.0,False,False
PCASUA22BBL1,,0,0.0,False,False
CCHAAF25B27B,CCHAAF250005,0.0,0.0,False,True
UCAF1825N103,,0,0.0,False,False
CWHREG253804,MWR0250032,0.0,0.0,False,True
CWHREG253804,MWR0250035,0.0,0.0,False,True
PCAS0022CC01,,0,0.0,False,False
CCHAAF250010,,0,0.0,False,True
QCHAAF250003,,0,0.0,False,False
CCAF08251501,,0,0.0,False,False
PCASCK24BAS4A,,0,0.0,False,False
QSYR00241001,,0,0.0,False,False
CSYRDN25E031,,0,0.0,False,False
GWR25-054-0024,GWR25-054-0025,0.0,0.0,False,True
CCHAMP250002,,0,0.0,False,False
PSABMP250001,,0,0.0,False,False
QREDHT23BAS3,,0,0.0,False,False
CWHR1024CON5,,0,0.0,False,False
QRED00251000,,0,0.0,False,False
QRED00250001,,0,0.0,False,False
CMERFS2509R2,CMERFS2509R1,0.0,0.0,False,True
CWHRCV24A001,,0,0.0,False,False
PCHA0023CV01,,0,0.0,False,False
CMOUSE254AR4,,0,0.0,False,False
CROSEP250002,,0,0.0,False,False
PCASCK241012,,0,0.0,False,True
CCAS3225E141,,0,0.0,False,True
CCASMP25E9D2,,0,0.0,False,False
PMALMC240074,,0,0.0,False,False
PCAFCR240158,,0,0.0,False,False
CCHACK250004,,0,0.0,False,True
CCASMP25E9A3,,0,0.0,False,False
GGT25-054-0004,,0,0.0,False,True
PCHATXNV2501,,0,0.0,False,False
PCAFCR250118,,0,0.0,False,False
UMER1525MD07,,0,0.0,False,False
CSABHG250004,,0,0.0,False,False
CWHREG251003,,0,0.0,False,False
CCHAWV25B61B,CCHAWV250007,0.0,0.0,False,True
GCH25-055-0016,,0,0.0,False,False
CWHREG25OK16,,0,0.0,False,False
CCAS0024CVD1,,0,0.0,False,False
CMERCV23BB01-DSP,,0,0.0,False,True
QREDHT23BAS1,,0,0.0,False,False
UVIO152519C3,,0,0.0,False,False
CMERDN2513R3,,0,0.0,False,True
UCAF15250106,,0,0.0,False,False
CCAS0825E673,,0,0.0,False,True
MWR0250018,,0,0.0,False,False
CWHRZR250002,,0,0.0,False,False
CMERIW23BB01,,0,0.0,False,True
PMERH323STV3,,0,0.0,False,False
CWHRFS250002,,0,0.0,False,False
CGRE122427P2,,0,0.0,False,False
CCASKE2501R1,,0,0.0,False,True
CWHRFS250011,,0,0.0,False,False
CRED0025CSPV,,0,0.0,False,False
CCAF122511R1,,0,0.0,False,True
CCHAHG250004,,0,0.0,False,False
PCASCK250346,,0,0.0,False,False
CCHA1225B47B,CCHA12250006,0.0,0.0,False,True
QCASMS2503R1,,0,0.0,False,True
CALBJM25B02A,,0,0.0,False,False
QCAS002508MP,,0,0.0,False,False
CCHAWV250004,,0,0.0,False,True
CWHREG253801,MWR0250027,0.0,0.0,False,True
CCHALT240001,,0,0.0,False,False
CSABFS250002,,0,0.0,False,False
CWHRFL25LEES,,0,0.0,False,False
CMERDN25E131,,0,0.0,False,True
PSABCK250001,,0,0.0,False,False
CCHBUF25B31A,CCHBUF250001,0.0,0.0,False,True
CSYREP253201,,0,0.0,False,False
PSABCK250002,,0,0.0,False,False
CWHREG255502,MWR0250028,0.0,0.0,False,True
CWHRFL250001,,0,0.0,False,False
QCASMS25E021,,0,0.0,False,False
PMERMP250057,,0,0.0,False,False
CCASWS25E991,,0,0.0,False,True
QCAS1422A001,,0,0.0,False,False
PCAS0024BAS2A,,0,0.0,False,False
PMERGE22UA03,,0,0.0,False,False
QRED1423STP4,,0,0.0,False,False
CCHAWV250008,,0,0.0,False,False
CCASDC25BOTT,,0,0.0,False,False
PMERMP255456,,0,0.0,False,True
CWHR0025LEE5,CGEWFM250003,0.0,0.0,False,True
PSYRCK250345,,0,0.0,False,False
CCAS082563R1,,0,0.0,False,True
QMERMP250227,,0,0.0,False,False
QCHADH230001,,0,0.0,False,False
CGRBDN250002,,0,0.0,False,False
CMER0825E021,,0,0.0,False,True
GWR25-054-0053,,0,0.0,False,False
CGRESE2501P1,,0,0.0,False,False
GSB25-054-0007,,0,0.0,False,True
CSYREP253231,,0,0.0,False,False
CSYR0024P000,,0,0.0,False,False
CVIO1225B43A,,0,0.0,False,False
CWHRCV24DRY8,,0,0.0,False,False
CCASMS25E102,,0,0.0,False,False
CSABCV240003,,0,0.0,False,False
CCAS0825E330,,0,0.0,False,True
CGRE082401D4,,0,0.0,False,False
CMER122409R3,,0,0.0,False,False
CWHREG25LEE3,CWHREG255538,0.0,0.0,False,True
CWHREG25LEE3,CWHREG253855,0.0,0.0,False,True
PCHAGE230005,,0,0.0,False,False
PCASHN240122,,0,0.0,False,False
UCAF15250103,,0,0.0,False,False
CSYRSE240301,,0,0.0,False,False
PSPKLQNVBRT1,,0,0.0,False,False
CCAS1225E491,,0,0.0,False,False
CPIGAR250004,,0,0.0,False,False
CCAS082506R3,,0,0.0,False,True
GWR25-054-0022,,0,0.0,False,True
CCHAWV25B59A,CCHAWV250003,0.0,0.0,False,True
CWHREG253806,,0,0.0,False,False
CCHAAR25STA1,,0,0.0,False,False
CCHAAF25STA2,,0,0.0,False,False
CCHALW25B1NP,CCHALW250002,0.0,0.0,False,True
GGT25-054-0002,GGT25-054-0001,0.0,0.0,False,False
CCAS122517R3,,0,0.0,False,False
GWR25-054-0072,,0,0.0,False,False
PPIGAR250004,,0,0.0,False,False
CCHAHG25STA1,,0,0.0,False,False
CCASCK2540R1,,0,0.0,False,True
CCHAUF250006,,0,0.0,False,True
GWR25-054-0032,,0,0.0,False,False
CCHAFL25LEE3,,0,0.0,False,False
PCHAAF250016,,0,0.0,False,False
PCASAU240006,,0,0.0,False,False
CCAS08256301,,0,0.0,False,False
CCASDC250705,,0,0.0,False,False
CCASDC250707,,0,0.0,False,False
CCAS0023SAD1,,0,0.0,False,False
CWHRFS250021,,0,0.0,False,False
CWHREG255503,,0,0.0,False,True
CCASWM2512R1,,0,0.0,False,True
PCHA0024CVM7,,0,0.0,False,False
MWR0250003,,0,0.0,False,True
CWHRPT250001,,0,0.0,False,False
CMUCV8250002,,0,0.0,False,False
PCASJS230002,,0,0.0,False,False
PCASBV250102,,0,0.0,False,False
PCASMP250365,,0,0.0,False,False
PSAB0025LEE5,,0,0.0,False,False
CCHAWV25B08A,CCHAWV250001,0.0,0.0,False,True
CCASMP258501,,0,0.0,False,False
CCAFFS2501R8,,0,0.0,False,False
CCASCK25E472,,0,0.0,False,False
CMER1225E120,,0,0.0,False,True
CWHR0025LEE2,,0,0.0,False,False
PMERH323STV5,,0,0.0,False,False
CMALSE2522R2,,0,0.0,False,True
PCASWM230017,,0,0.0,False,False
QCHAAU250011,,0,0.0,False,False
QMERMP250329,,0,0.0,False,False
CSYR12255601,,0,0.0,False,False
CWHWBYNVCN24,,0,0.0,False,False
QCHAAU250008,,0,0.0,False,False
PCASCK250244,,0,0.0,False,False
CGRE122427R2,,0,0.0,False,False
QCAS00230001,,0,0.0,False,False
PCASMP257980,,0,0.0,False,False
PROSCK250003,,0,0.0,False,False
CCAF1825N1R1,,0,0.0,False,True
CCHBJM250002,,0,0.0,False,True
CRED0023P001,,0,0.0,False,False
CSABHG250001,,0,0.0,False,False
CCASSE2510R3,,0,0.0,False,True
CMERIW22BB02,,0,0.0,False,False
CSYR08243803,,0,0.0,False,False
CCHA1224LITE,,0,0.0,False,False
QPIGAF250001,,0,0.0,False,True
CSABMP25B11A,CSABMP250001,0.0,0.0,False,True
PMERMP24TR52(BG),,0,0.0,False,False
CCAS08254529,,0,0.0,False,False
UMAL15250102,,0,0.0,False,False
CWHRFS250008,,0,0.0,False,False
CCHACV24A001,CCHACV24A007,0.0,0.0,False,True
CCASAU250102,,0,0.0,False,False
CCAF002508MP,,0,0.0,False,True
JMERSE2403,,0,0.0,False,False
PCHAAF25MP01,,0,0.0,False,False
PSYRMA24JW73,,0,0.0,False,False
UCAF15259504,,0,0.0,False,False
CCASEC23BB02,,0,0.0,False,False
GWR25-054-0080,,0,0.0,False,False
CWHREG230004,,0,0.0,False,False
CCHAUF25BBLA,CCHAUF250001,0.0,0.0,False,True
PCAS0024BAS4B,,0,0.0,False,False
CSABAF250005,,0,0.0,False,False
QPIG14NVCAN2,,0,0.0,False,False
CRED0024SLS1,,0,0.0,False,False
CMERKE2501R1,,0,0.0,False,True
CMERSE2419R2,,0,0.0,False,True
PCAS0025PR01,,0,0.0,False,False
QCASMP250196,,0,0.0,False,False
CCHA1225B41A,CCHA12250008,0.0,0.0,False,True
PWHWTXNV0001,,0,0.0,False,True
CCAF1825S1R1,CMER152502R1,0.0,0.0,False,True
QCHA14NV1.5L,,0,0.0,False,False
CSYRIW24P1P9,,0,0.0,False,False
GWR25-054-0051,,0,0.0,False,False
PMERAU25E103,,0,0.0,False,False
PMERMP250154,,0,0.0,False,False
CCHA12250007,,0,0.0,False,True
CSABAV25B28A,CSABAV250004,0.0,0.0,False,True
QMERAO250139,,0,0.0,False,False
CCHAAU25TOP1,,0,0.0,False,False
PCHAAF250011,,0,0.0,False,False
CCAFFS2501R2,,0,0.0,False,True
PCAS0024PR08,,0,0.0,False,False
PCASEP240106,,0,0.0,False,False
CCASAU250204,,0,0.0,False,False
PCASEP250607,,0,0.0,False,False
CMERDC25E133,,0,0.0,False,False
CSYR0022XTR2,,0,0.0,False,False
CSABAF250002,,0,0.0,False,False
CWHRPT250011,,0,0.0,False,False
PCAS00231000,,0,0.0,False,False
JCASKE2406,,0,0.0,False,False
CMERFS2509R1,,0,0.0,False,True
CMERDN241301,,0,0.0,False,False
JCAFFN2501,,0,0.0,False,False
CMER152501R1,,0,0.0,False,True
PCHAAF250006,,0,0.0,False,False
CCHAAF25B28A,CCHAAF250010,0.0,0.0,False,True
CWHRUF250001,,0,0.0,False,False
PSABCK250003,,0,0.0,False,False
CCHAWV250001,,0,0.0,False,True
CSABLT240002,,0,0.0,False,False
CABAJM25TUL2,,0,0.0,False,False
CMERDC24R302,,0,0.0,False,True
PCAS1224CC14-CR,,0,0.0,False,True
GCH25-054-0048,GCH25-054-0049,0.0,0.0,False,True
PCASCK25E344,,0,0.0,False,False
CPIG0025LEE2,,0,0.0,False,False
CPIGUF250001,,0,0.0,False,False
PCAFCR241158,,0,0.0,False,False
PCHA0025LEE6,,0,0.0,False,False
MWR0250034,,0,0.0,False,False
GSYR25-054-0003,GSYR25-054-0012,0.0,0.0,False,False
GSYR25-054-0003,GSYR25-054-0007,0.0,0.0,False,False
PCHACK25B42R,PCHACK25B42P,0.0,0.0,False,True
PSYR0021RP16,,0,0.0,False,False
PCASWM230016,,0,0.0,False,False
QCASMP252396,,0,0.0,False,False
PMALDR25MP01,,0,0.0,False,False
UCAF15259506,,0,0.0,False,False
QCASMP250396,,0,0.0,False,False
CABAJM25CLY1,,0,0.0,False,False
CCHADR250003,,0,0.0,False,False
CROSCK250009,,0,0.0,False,False
QMER0125MPAU,,0,0.0,False,False
CMOU122427P1,,0,0.0,False,False
CCHAUF250017,,0,0.0,False,True
GGT25-054-0010,,0,0.0,False,False
PCASCK250046,,0,0.0,False,False
CCAS0825E331,,0,0.0,False,False
GCH25-054-0042,GCH25-054-0043,0.0,0.0,False,False
CCHAIW24A001,,0,0.0,False,False
CSYR082442R2,,0,0.0,False,False
PSABGW250005,,0,0.0,False,False
CSABFS250004,,0,0.0,False,False
QCASMP250190,,0,0.0,False,False
CCASIW22BB06,,0,0.0,False,False
CCHAUF25BZ8C,CCHAUF250005,0.0,0.0,False,True
PCHATXNVA001,,0,0.0,False,False
CMOU082543R1,,0,0.0,False,True
CMER1225E123,,0,0.0,False,False
CCASSE256AR1,,0,0.0,False,True
CGRE0824KAT1,,0,0.0,False,False
CCAS0023ME01,,0,0.0,False,True
CGRE122527R1,,0,0.0,False,True
CMERDC251301,,0,0.0,False,False
PCHA0025LEE8,,0,0.0,False,False
USYR15259801,,0,0.0,False,False
PCASGE23STV5,,0,0.0,False,False
PCASMS251114,,0,0.0,False,False
CCAS0025IW02,,0,0.0,False,False
PROSUF250001,,0,0.0,False,False
CWHR0025LEE4,CWHRPT250013,0.0,0.0,False,True
CWHRCV24B003,,0,0.0,False,False
CCASRM2502R1,,0,0.0,False,True
CCHAUF250016,,0,0.0,False,True
CCASMP25E9C2,,0,0.0,False,False
PCASCK25EX47,,0,0.0,False,False
CMER0825E352,,0,0.0,False,True
PCASHN240123,,0,0.0,False,False
CROSMC250002,,0,0.0,False,False
GSYR25-054-0011,,0,0.0,False,True
PMERAU250203,,0,0.0,False,False
CWHRTD250005,,0,0.0,False,False
CCAS0024CVG1,,0,0.0,False,False
CMOUMA24E7P3,,0,0.0,False,False
UCAS15259905,,0,0.0,False,False
QMERMP253927,,0,0.0,False,False
JMERJW2407,,0,0.0,False,False
MWR0250001,,0,0.0,False,True
CCAS082504R1,,0,0.0,False,True
CWHRCV24DRY1,,0,0.0,False,False
CBONJW254BR2,,0,0.0,False,True
UCAF15259510,,0,0.0,False,False
CMERFS250501,,0,0.0,False,False
CSABAV250006,,0,0.0,False,False
CCAS08256302,,0,0.0,False,False
PCASEP250107,,0,0.0,False,True
PPIGAR250002,,0,0.0,False,False
PCASMS250011,,0,0.0,False,False
CWHRTD250007,,0,0.0,False,False
CWHRUF250006,,0,0.0,False,False
CSYREP253102,,0,0.0,False,False
CCHAHG25BHEA,CCHAHG250003,0.0,0.0,False,True
QCHABT23A001,,0,0.0,False,False
CMER1225CV01,,0,0.0,False,True
PPIGFL250003,,0,0.0,False,False
CCHALW250004,MCH0250004,0.0,0.0,False,True
CCASSE25E4S1,,0,0.0,False,False
CMERDC24R301,,0,0.0,False,False
CSABLW250001,MSB0250001,0.0,0.0,False,True
CSABLW250001,MSB0250003,0.0,0.0,False,True
CROSID250001,,0,0.0,False,False
PSYR0021RP01,,0,0.0,False,False
PCASMPCS9798,,0,0.0,False,False
CCASEC23BB01,JMERCV23FB01,0.0,0.0,False,False
PWHW0025LEE1,PPIGHP250001,0.0,0.0,False,True
QCASEP250208,,0,0.0,False,False
CCHADR250002,,0,0.0,False,False
CCHAUF250012,,0,0.0,False,True
PSYR0021RP15,,0,0.0,False,False
CGRESE2505R2,,0,0.0,False,True
PCINMP240083,,0,0.0,False,False
CCASAU250203,,0,0.0,False,False
CCHAWV25VFO1,CCHAWV25B61A,0.0,0.0,False,True
CCASIW249901,,0,0.0,False,True
CWHRFS250013,,0,0.0,False,False
CCHAAF25B27P,CCHAAF250002,0.0,0.0,False,True
CCAS082531R4,CCASBV2504R1,0.0,0.0,False,True
CCINSE252B01,,0,0.0,False,False
CCHAUA22A001,,0,0.0,False,False
CSYRSP240304,,0,0.0,False,False
CSYR082442P1,,0,0.0,False,False
CMERSE2515R1,,0,0.0,False,True
CCHAUF250001,,0,0.0,False,True
CCASBS24BB01,,0,0.0,False,False
UCAS15250104,,0,0.0,False,False
CCINSE242B01,,0,0.0,False,True
CROSLR250001,,0,0.0,False,False
PCASGE23STV4,,0,0.0,False,False
PCHAGW230075,,0,0.0,False,False
CVIO1225TUL7,,0,0.0,False,False
GWR25-054-0021,GWR25-054-0022,0.0,0.0,False,True
GWR25-054-0021,GWR25-054-0027,0.0,0.0,False,True
PCASBV251234,,0,0.0,False,False
CSYRSP2503P1,CSYRSP2503R1,0.0,0.0,False,True
CROSMC25MV01,,0,0.0,False,False
PCASMP23CV03,,0,0.0,False,False
PMERMP240055,,0,0.0,False,False
PSYR0021RP14,,0,0.0,False,False
CABAJM25EGG2,,0,0.0,False,False
PCASMS251411,,0,0.0,False,False
GWR25-054-0010,GWR25-054-0011,0.0,0.0,False,True
GWR25-054-0010,GWR25-054-0012,0.0,0.0,False,True
PMERMP25D223,,0,0.0,False,False
CCHAAR250004,,0,0.0,False,False
CMER12254016,,0,0.0,False,False
PROSUANV2223,,0,0.0,False,False
UCAF15259501,,0,0.0,False,False
QCHA1424A001,,0,0.0,False,False
CMER08241801,,0,0.0,False,False
CMOU082443R2,,0,0.0,False,False
CCHAUF25CLN4,CCHAUF250016,0.0,0.0,False,True
CCAS082532R3,,0,0.0,False,True
CCHALW250002,,0,0.0,False,True
CCHA1225B13A,,0,0.0,False,False
UMER1525UP03,,0,0.0,False,False
CCASCK25E400,,0,0.0,False,False
QMOUMP240002,,0,0.0,False,False
DCHABRNV0001,,0,0.0,False,False
CPIGAR250007,,0,0.0,False,False
QCHAAF250004,,0,0.0,False,False
CCASMP25E9B0,,0,0.0,False,False
PRED00240001,,0,0.0,False,False
PCASBV251235,,0,0.0,False,False
QCASCK24ABB1,,0,0.0,False,False
CCHAAU250001,,0,0.0,False,False
PCASGE22A002,,0,0.0,False,False
JMER14BD2413,,0,0.0,False,False
CCAS082531R1,,0,0.0,False,True
CMAL0023SAD1,,0,0.0,False,False
CSYRSE2516P1,,0,0.0,False,False
CMER12250801,,0,0.0,False,False
PMERFS250036,,0,0.0,False,False
UCAS2023SVCS,,0,0.0,False,False
JMER122402,,0,0.0,False,False
CCAS152599R3,,0,0.0,False,False
PREDMA240156,,0,0.0,False,False
JCASBD2505-2,,0,0.0,False,False
CCHA0025LEE3,,0,0.0,False,False
GSYR25-054-0008,,0,0.0,False,True
CCASDC25TOBO,,0,0.0,False,False
GWR25-054-0036,,0,0.0,False,False
CCHAAR250007,,0,0.0,False,False
CWHREG25B29A,CWHREG255503,0.0,0.0,False,True
CSABMP250004,,0,0.0,False,False
QCASEP251001,,0,0.0,False,False
PMERMP252223,,0,0.0,False,False
QMERFS251036,,0,0.0,False,False
PCASAU250119,,0,0.0,False,False
GWR25-054-0100,,0,0.0,False,False
QCASMP259195,,0,0.0,False,False
PROSTBNV0002,,0,0.0,False,False
QCASMP250198,,0,0.0,False,False
CSYR00240812,,0,0.0,False,False
CCAS1225E501,,0,0.0,False,False
CSABMP250002,,0,0.0,False,False
PMERMP230055,,0,0.0,False,False
CCAFFS2501R9,,0,0.0,False,False
PCASUN220001,,0,0.0,False,False
CCHA1225B42A,CCHA12250009,0.0,0.0,False,True
QROS14NVCAN2,,0,0.0,False,False
QCHAAU250007,,0,0.0,False,False
CCHAHP250002,,0,0.0,False,False
PCASBV250001,,0,0.0,False,False
CMERFS250906,,0,0.0,False,True
CCHBUF250001,,0,0.0,False,True
CSABUF250001,,0,0.0,False,False
PCHAMP250005,,0,0.0,False,False
CCASMS251201,,0,0.0,False,True
CSABAF25TUL6,,0,0.0,False,False
QCASMP259091,,0,0.0,False,False
QREDST240001,,0,0.0,False,False
CGRE082401P3,,0,0.0,False,False
CSYR002512IW,,0,0.0,False,True
CCAS082504R3,,0,0.0,False,True
CCASBV2504R1,CCASSE2510R2,0.0,0.0,False,True
QCASMP258182,,0,0.0,False,False
CMOUSE254AR5,,0,0.0,False,False
USYR15259804,,0,0.0,False,False
PCAS0024BAS1A,,0,0.0,False,False
PCHAMP25B53A,PCHAMP250004,0.0,0.0,False,True
QCASCK254402,,0,0.0,False,False
CCHA12250009,,0,0.0,False,True
CGRE082546P2,,0,0.0,False,False
CSYRSP2403R2,,0,0.0,False,False
CCHA1225B47A,CCHA12250005,0.0,0.0,False,True
PROSHP250002,,0,0.0,False,False
CWHREG250002,MWR0250010,0.0,0.0,False,True
QCAS08250124,,0,0.0,False,False
GWR25-054-0077,,0,0.0,False,False
CVIOUF250001,,0,0.0,False,False
PSABFL25LEE5,,0,0.0,False,False
CCAS0025MSCK,,0,0.0,False,True
PMER00231000,,0,0.0,False,False
MWR0250022,,0,0.0,False,True
CSABAF250003,,0,0.0,False,True
CCASMP255061,,0,0.0,False,False
PCHAGW23OK10,,0,0.0,False,True
QCASCV240001,,0,0.0,False,False
CSYRCD252215,,0,0.0,False,True
CGRESE2505D2,,0,0.0,False,False
CCHAMP25STA1,,0,0.0,False,False
GCH25-054-0034,,0,0.0,False,False
PCASMP250010,,0,0.0,False,False
CCASCK25E470,,0,0.0,False,False
QCHAAU250005,,0,0.0,False,False
CPIGAR250008,,0,0.0,False,False
PCASBV250103,,0,0.0,False,False
PCASAU251619,,0,0.0,False,False
QCHAAU2501SG,,0,0.0,False,False
PSYR0021RP10,,0,0.0,False,False
PRED0025PR02,,0,0.0,False,False
CCASCK254701,,0,0.0,False,False
CSABAR250003,,0,0.0,False,True
CCHACK250006,,0,0.0,False,True
PCHA0025LEE1,,0,0.0,False,True
CCHBCD250001,,0,0.0,False,True
CCAS122548R2,,0,0.0,False,True
CSABEG250002,,0,0.0,False,False
CRED0024ART1,,0,0.0,False,True
PMERMP250228,,0,0.0,False,False
CGRE082401R1,,0,0.0,False,False
CMERSE25159R,,0,0.0,False,True
CCAS08256563,,0,0.0,False,False
CWHRFS250005,,0,0.0,False,False
CMERSE25E151,,0,0.0,False,False
USYR15250102,,0,0.0,False,False
CGRE0825E011,,0,0.0,False,False
CWHRER240001,,0,0.0,False,False
CGRESE2405P1,,0,0.0,False,False
PCASTBNV2520,,0,0.0,False,False
CCHASW220005,,0,0.0,False,False
PCASEP250706,,0,0.0,False,False
GGT25-054-0001,,0,0.0,False,True
CCASWS259901,,0,0.0,False,False
CSABAR250001,,0,0.0,False,False
CCHAAF25B27A,CCHAAF250002,0.0,0.0,False,True
UMOU19250301,,0,0.0,False,False
PSAB0025FL05,,0,0.0,False,False
QCAS0025MS01,,0,0.0,False,False
CCAS1225E492,,0,0.0,False,True
CCAS12241901,,0,0.0,False,True
CCHAAF250008,,0,0.0,False,False
CSABAR250002,,0,0.0,False,False
CWHREG255538,,0,0.0,False,True
CSABEG250001,,0,0.0,False,False
GCH25-054-0031,GCH25-054-0039,0.0,0.0,False,True
CCHACV23A001,,0,0.0,False,True
CWHRCV24A003,,0,0.0,False,False
CWHRTD250012,,0,0.0,False,False
CSABUF250002,,0,0.0,False,False
PTEMMA230051,,0,0.0,False,False
PCASWM230018,,0,0.0,False,False
PREDTBNV2506,,0,0.0,False,False
CWHREG251001,MWR0250006,0.0,0.0,False,True
CBONJW254BR1,,0,0.0,False,True
CCASAU250201,,0,0.0,False,False
CMER08240203,,0,0.0,False,False
PSAB0025FL04,,0,0.0,False,False
CCHAIW24A005,,0,0.0,False,False
CSYR08254201,,0,0.0,False,False
CCAF082515R1,,0,0.0,False,True
CGRE122527R2,,0,0.0,False,True
CSABEP250002,,0,0.0,False,True
CMERFS25E092,,0,0.0,False,False
CCAS0025IWCK,,0,0.0,False,True
QMER08250003,,0,0.0,False,False
MWR0250023,,0,0.0,False,True
CCAFDN2504R2,,0,0.0,False,True
PMER08250100,,0,0.0,False,False
PCASWM230011,,0,0.0,False,False
QMERMP252426,,0,0.0,False,False
QMERMP250004,,0,0.0,False,False
CCAFJW25MBR1,,0,0.0,False,True
CWHRTD250002,,0,0.0,False,False
PCHAAF250001,,0,0.0,False,False
PREDTBNV2501,,0,0.0,False,False
CMOU1225E271,,0,0.0,False,False
UCAF1825N104,,0,0.0,False,False
CGRE0023LRG1,,0,0.0,False,False
CMOUSE244AP3,,0,0.0,False,False
PMERMP250128,,0,0.0,False,False
QMERMP250229,,0,0.0,False,False
QCAS1423A003,,0,0.0,False,False
PSAB0025LEE6,,0,0.0,False,False
CWHRFS250018,,0,0.0,False,False
CWHREG24OK16,,0,0.0,False,False
CCASIW22BB02,,0,0.0,False,False
UMER15259302,,0,0.0,False,False
PCASAU25E518,,0,0.0,False,False
QCASMP250296,,0,0.0,False,False
PMALDR250001,,0,0.0,False,False
GCH25-054-0041,GCH25-054-0048,0.0,0.0,False,True
QCAS14221.5L,,0,0.0,False,False
CCHALT240004,,0,0.0,False,False
CPIGAR250006,,0,0.0,False,False
GWR25-054-0067,GWR25-054-0068,0.0,0.0,False,True
CCHA00NVDB01,,0,0.0,False,False
PCASEP250106,,0,0.0,False,False
PREDXXNV2203,,0,0.0,False,False
PROSTBNV0004,PROSTBNV0001,0.0,0.0,False,False
QCAS0023DRM2,,0,0.0,False,False
CCASCK2540R4,,0,0.0,False,True
QCASEP250008,,0,0.0,False,False
PMERFS250136,,0,0.0,False,False
CCASCK25E471,,0,0.0,False,False
CCAFFS251R15,,0,0.0,False,True
CSYR12255657,,0,0.0,False,False
CCAFFS2501R4,,0,0.0,False,True
QREDHT22A002,,0,0.0,False,False
CCASMP255455,,0,0.0,False,False
CCASSE2510R1,,0,0.0,False,True
CCHAMP25B52A,CCHAMP250001,0.0,0.0,False,True
CGRBDN25BQNA,CGRBDN250001,0.0,0.0,False,True
PSABLQ240001,,0,0.0,False,False
CCHAUF25CLN1,,0,0.0,False,True
CWHREG24OK15,,0,0.0,False,False
CWHREG2519W3,MWR0250022,0.0,0.0,False,True
GCH25-054-0049,,0,0.0,False,True
CCHA08250001,,0,0.0,False,True
CMERDC25E131,,0,0.0,False,False
CMER1225E081,,0,0.0,False,True
CWHRTD250010,,0,0.0,False,False
PCAFCR25EX18,,0,0.0,False,False
CSYR12243F01,,0,0.0,False,True
PCAS0024RP03,,0,0.0,False,False
CGRBDN250001,,0,0.0,False,True
QCHAAF250102,,0,0.0,False,False
CMER08250201,,0,0.0,False,False
QWHW00NV0001,,0,0.0,False,False
PCASAU250016,,0,0.0,False,False
PMERAU25E203,,0,0.0,False,False
PCASAU25E516,,0,0.0,False,False
GWR25-054-0034,,0,0.0,False,True
PCHACF240001,,0,0.0,False,False
CSYR12252801,,0,0.0,False,False
CWHREG25W304,,0,0.0,False,False
CCHA0825B20A,CCHA08250001,0.0,0.0,False,True
CCHA0825B20A,CCHA08250002,0.0,0.0,False,True
CMERSE241501,,0,0.0,False,False
CRED0023ART1,,0,0.0,False,False
GWR25-054-0075,,0,0.0,False,False
QCHAAU2501CO,,0,0.0,False,False
PCHAAF25B30A,PCHAAF250010,0.0,0.0,False,True
CCAS1225E192,,0,0.0,False,False
JCASAE230010,JMERCV23FB01,0.0,0.0,False,False
CCASMS25E101,,0,0.0,False,False
QGREMP240001,,0,0.0,False,False
CVI01225B43A,CVIO12250001,0.0,0.0,False,True
PCASAU250116,,0,0.0,False,False
MWR0250030,,0,0.0,False,True
GSYR25-054-0005,,0,0.0,False,True
CMALSE2522R1,,0,0.0,False,True
QCASMS25MP01,,0,0.0,False,False
PCAS002300T1,,0,0.0,False,False
QCASMS25E025,,0,0.0,False,False
CCASMS251302,,0,0.0,False,False
PMAL00240001,,0,0.0,False,False
CCAS08255349,,0,0.0,False,False
CPEV08255101,,0,0.0,False,True
CABAJM25CLY2,,0,0.0,False,False
CWHRPT250013,,0,0.0,False,True
CCHA0825B20B,,0,0.0,False,True
PROSHP250004,,0,0.0,False,False
JMERAEKE2412-CR,,0,0.0,False,True
CSYRDN2503P2,,0,0.0,False,False
CMUCV8250004,,0,0.0,False,False
CCAS0825E633,,0,0.0,False,False
CMERFS25E691,,0,0.0,False,False
PCHAAF250012,,0,0.0,False,False
CCAFFS2501R3,,0,0.0,False,False
CSABAF25OVFL,,0,0.0,False,False
CSABMP250003,,0,0.0,False,True
PROSEP250004,,0,0.0,False,False
CCASMP25E9A7,,0,0.0,False,False
CSYRCD252201,,0,0.0,False,False
CPIGHG250005,,0,0.0,False,False
CWHRFS250015,,0,0.0,False,False
QCASMS250405,,0,0.0,False,False
CCAFFS251R13,,0,0.0,False,True
JCAS082405,,0,0.0,False,False
CCHAAF25B28B,CCHAAF250011,0.0,0.0,False,True
CCASCK2547R1,,0,0.0,False,True
CCASMS251301,,0,0.0,False,False
CCHAWV25PN41,CCHAWV25B61A,0.0,0.0,False,True
PCASTBNV2518,,0,0.0,False,False
CCAS122419R5,,0,0.0,False,True
PCASDKNV2502,,0,0.0,False,False
CROSCK250010,,0,0.0,False,False
CCAS122517R4,,0,0.0,False,False
CCASAO253101,,0,0.0,False,False
QMERFS250030,,0,0.0,False,False
CMERAE2503R1,,0,0.0,False,True
PSYRSP250303,,0,0.0,False,True
DCHABRNVBSML,,0,0.0,False,False
CTEMSE2525R2,,0,0.0,False,True
GCH25-054-0043,,0,0.0,False,True
CMOU0825E431,,0,0.0,False,False
PCASBV254123,,0,0.0,False,False
PCAS0024BAS2D,,0,0.0,False,False
PCASCK241008,,0,0.0,False,False
PCHAAF25B31A,PCHAAF250005,0.0,0.0,False,True
JCASBD2505-1,,0,0.0,False,False
CCAS1225E180,,0,0.0,False,True
CCAS0825IW01,,0,0.0,False,True
CCASCK2540R2,,0,0.0,False,False
QCASMS250008,,0,0.0,False,False
UMER1525LO03,,0,0.0,False,False
CCHADR250001,,0,0.0,False,False
GWR25-054-0050,GWR25-054-0048,0.0,0.0,False,True
CCHACK250005,,0,0.0,False,False
QCASEP251008,,0,0.0,False,False
CMOUMA24E7R2,,0,0.0,False,False
PSABLQ240004,,0,0.0,False,False
QREWHB18A001,,0,0.0,False,False
PSAB0025LEE9,,0,0.0,False,False
CWHREG24DTC2,,0,0.0,False,False
PCASBV250106,,0,0.0,False,False
CCHAAF25B24A,CCHAAF250013,0.0,0.0,False,True
PCASBV250141,,0,0.0,False,False
MWR0250014,,0,0.0,False,False
CCHAAU250003,,0,0.0,False,False
PSYRUA220001,,0,0.0,False,False
QREDHT22A006,,0,0.0,False,False
GWR25-054-0038,,0,0.0,False,True
CSABFS250001,,0,0.0,False,False
PREDIT250001,,0,0.0,False,False
CWHREG255504,,0,0.0,False,False
CCAS0825E100,,0,0.0,False,True
PSYRCK250145,,0,0.0,False,False
CCHAAF250009,,0,0.0,False,False
PPEVSE240099,,0,0.0,False,False
MSB0250001,MSB0250003,0.0,0.0,False,True
MSB0250001,MCH0250001,0.0,0.0,False,True
PSYR0021RP13,,0,0.0,False,False
MWR0250004,,0,0.0,False,True
PCASTBNV2505,,0,0.0,False,True
PCHA0025LEE5,,0,0.0,False,False
CPIGAR25CON1,,0,0.0,False,False
CWHWDT24CONS,,0,0.0,False,False
CCAFFS2501R1,,0,0.0,False,True
CSYRSE2407R2,,0,0.0,False,False
UCAF15250102,,0,0.0,False,False
GWR25-054-0070,,0,0.0,False,False
CSABPT25B21A,CSABEP250002,0.0,0.0,False,True
CCASFS2505R1,,0,0.0,False,True
CWHRCD250003,,0,0.0,False,False
CCHACK25B41C,,0,0.0,False,False
CMER082535R1,,0,0.0,False,True
QCHAAU250012,,0,0.0,False,False
CWHREG25W306,,0,0.0,False,False
PCASEP250207,,0,0.0,False,False
GWR25-054-0079,,0,0.0,False,False
JMER14BD2413-CR,,0,0.0,False,False
CRED0023LRG1,,0,0.0,False,False
CWHRTD250006,,0,0.0,False,False
CMOUSE243BR2,,0,0.0,False,False
UGRE19250002,,0,0.0,False,False
PSYRUN230001,,0,0.0,False,False
CCHAUF250009,,0,0.0,False,False
CCASMP256364,,0,0.0,False,False
GCH25-054-0032,,0,0.0,False,False
CMER00240812,,0,0.0,False,False
CSABMP250001,,0,0.0,False,True
GWR25-054-0083,GWR25-054-0076,0.0,0.0,False,False
CMOUSE254AR1,,0,0.0,False,True
PCASCK25E444,,0,0.0,False,True
PCHACK25B42C,PCHACK250005,0.0,0.0,False,True
CCAS0024CVA1,,0,0.0,False,False
CWHRPT250003,,0,0.0,False,False
CMER12254166,,0,0.0,False,True
QREDHTNVCAN4,,0,0.0,False,False
CCHACK25B48B,CCHACK250007,0.0,0.0,False,True
QCAS08250125,,0,0.0,False,False
CCASCV22BB05,,0,0.0,False,False
GWR25-054-0043,,0,0.0,False,False
CWHR1024OAK4,,0,0.0,False,False
CWHRHS240001,,0,0.0,False,False
CCHAHP250001,,0,0.0,False,True
MWR0250017,,0,0.0,False,True
CCOUMA24W6P1,,0,0.0,False,False
QCHAAU250004,,0,0.0,False,False
CMER1225E921,,0,0.0,False,False
QCAS08250225,,0,0.0,False,False
PCASIT22A001,,0,0.0,False,False
CCHALW250001,MCH0250001,0.0,0.0,False,True
PMALDR240051,,0,0.0,False,False
CCASRM2502R2,,0,0.0,False,True
GWR25-054-0015,,0,0.0,False,True
CCASAU250104,,0,0.0,False,False
QMERFS250137,,0,0.0,False,False
MWR0250032,,0,0.0,False,True
GWR25-054-0047,,0,0.0,False,True
CROSCK250001,,0,0.0,False,False
QCAS0025MP01,,0,0.0,False,False
MCH0250002,,0,0.0,False,True
JMERSE2501,,0,0.0,False,True
STRIPWATER2506,,0,0.0,False,False
QCASMS25E023,,0,0.0,False,False
CCAS082531R3,,0,0.0,False,False
PCHAAF250017,,0,0.0,False,False
CCHBJM25OAK4,CCHBJM250002,0.0,0.0,False,True
CCAFFS25E011,,0,0.0,False,True
DCHABRNVBAS4,,0,0.0,False,False
JMERAE2404,,0,0.0,False,False
CRED0024SLS2,,0,0.0,False,True
CCASMP25E9D1,,0,0.0,False,False
GWR25-054-0031,,0,0.0,False,False
PCHA0022CC05,,0,0.0,False,False
UGRE19250001,,0,0.0,False,False
PCHAMP250002,,0,0.0,False,False
QREDHT22A008,,0,0.0,False,False
CPIGAR250005,,0,0.0,False,False
CCHAUF25CLN3,CCHAUF250015,0.0,0.0,False,True
PCHAAF250008,,0,0.0,False,True
CCHAUF250013,,0,0.0,False,True
PSYREP250221,,0,0.0,False,False
CCHA1225LTPA,,0,0.0,False,True
QCASMS25STV1,,0,0.0,False,False
CCHALW25LACT,CCHALW250001,0.0,0.0,False,True
CMOUSE254AR3,,0,0.0,False,False
CCAS082561R2,,0,0.0,False,True
QREDHTNVCAN2,,0,0.0,False,False
QWHR1424CSM1,,0,0.0,False,False
CCASIW22BB08,,0,0.0,False,False
CSABAR250004,,0,0.0,False,False
CMOUSE254AR7,,0,0.0,False,True
PMERMP240054,,0,0.0,False,False
CCASMP258587,,0,0.0,False,False
MWR0250013,,0,0.0,False,True
CWHREG255501,MWR0250026,0.0,0.0,False,True
QMERMP251002,,0,0.0,False,False
UMER1525MD03,,0,0.0,False,False
CCASWM2501R1,,0,0.0,False,True
CCASMP258401,,0,0.0,False,False
CCHALW25B1NC,CCHALW250003,0.0,0.0,False,True
PCHAGE240001,,0,0.0,False,False
PCASCK240014,,0,0.0,False,True
PCHACK25WB03,PCHACK250004,0.0,0.0,False,True
CCAS0825E102,,0,0.0,False,False
PCASH323STAV,,0,0.0,False,False
MCH0250001,,0,0.0,False,True
CWHREG240W3B,,0,0.0,False,False
QCHAMP250003,,0,0.0,False,False
CCAS08257268,,0,0.0,False,False
CSABAF250006,,0,0.0,False,False
PPIG0025LEE2,,0,0.0,False,False
CABAJM250001,CABAJM250002,0.0,0.0,False,True
DCHABRNV0013,,0,0.0,False,False
CMER1224R301,,0,0.0,False,False
PRED0025PR04,,0,0.0,False,False
PCASBV230053,,0,0.0,False,False
CGRE082501R1,,0,0.0,False,True
PCASCK24NOTR,,0,0.0,False,False
CSABEP250001,,0,0.0,False,True
PMERAU250403,,0,0.0,False,True
PRED0021R001,,0,0.0,False,False
CCASMA240214,,0,0.0,False,False
CCHA0825B20D,CCHA08250002,0.0,0.0,False,True
CCHBAH250002,CCHBAH250001,0.0,0.0,False,True
PREDIT22A001,,0,0.0,False,False
PWHWFL250001,,0,0.0,False,False
PCAS002300T3,,0,0.0,False,False
MSB0250003,,0,0.0,False,True
CCASMP25E9A0,,0,0.0,False,False
PROSHP250001,,0,0.0,False,False
PCASCK25E244,,0,0.0,False,False
PCHACK25B42Q,PCHACK250005,0.0,0.0,False,True
CWHRCV24C001,,0,0.0,False,False
PCASUN210002,,0,0.0,False,False
CWHRFS250009,,0,0.0,False,False
GWR25-054-0068,,0,0.0,False,True
PROSTBNV0001,,0,0.0,False,True
PCHAAF250015,,0,0.0,False,False
CMER122512R1,,0,0.0,False,True
CMERFS2409R4,,0,0.0,False,True
CWHRFS250017,,0,0.0,False,False
CCHALT240001-DSP,,0,0.0,False,True
CCHAMP250004,,0,0.0,False,True
CCHAHG250001,,0,0.0,False,True
CCASMP255253,,0,0.0,False,False
CCHAWV25MCW1,CCHAWV25B61A,0.0,0.0,False,True
CGRE082546R2,CGRE122527R2,0.0,0.0,False,True
QCASMS250106,,0,0.0,False,False
CWHREG25W301,MWR0250013,0.0,0.0,False,True
CCASMP255051,,0,0.0,False,False
CMER0825E022,,0,0.0,False,False
PCHA0025LEE9,,0,0.0,False,False
PCAS0023HKC1,,0,0.0,False,False
PMERH3240001,,0,0.0,False,False
CMOU122427P2,,0,0.0,False,False
CCASDC250702,,0,0.0,False,False
GSB25-054-0006,,0,0.0,False,True
GSB25-054-0011,,0,0.0,False,False
CABAJM250008,,0,0.0,False,False
PCASMP250086,,0,0.0,False,False
CMER12250802,,0,0.0,False,True
CWHREG25OK21,CWHREG253801,0.0,0.0,False,True
QMER1424STV2,,0,0.0,False,False
GSYR25-054-0009,GSYR25-054-0010,0.0,0.0,False,True
GSYR25-054-0009,GSYR25-054-0005,0.0,0.0,False,True
CWHREG25CON4,,0,0.0,False,False
CWHRFS250004,,0,0.0,False,False
PCASTBNV2519,,0,0.0,False,False
CMER122508R2,,0,0.0,False,True
CSABAV250001,,0,0.0,False,False
PMERH323STAV,,0,0.0,False,False
CMOUSE244AR2,,0,0.0,False,False
CCHAUF250002,,0,0.0,False,True
PPIGAF250001,,0,0.0,False,False
CCHAUF250005,,0,0.0,False,True
PRED0024PR05,,0,0.0,False,False
PSYRUA220005,,0,0.0,False,False
UMER1525LO02,,0,0.0,False,False
GCH25-054-0044,,0,0.0,False,False
CCAS122517R2,,0,0.0,False,True
CRED0024CV01,CRED0024HTSL,0.0,0.0,False,True
PCHA0024CVM6,,0,0.0,False,False
PMERAO25D035,,0,0.0,False,False
PCASBV251233,,0,0.0,False,False
PSABEP250001,,0,0.0,False,True
CCAS1225E183,,0,0.0,False,False
PPIGAR250003,,0,0.0,False,False
PMERAU25E303,,0,0.0,False,False
CCHA12250005,,0,0.0,False,True
PCHAMP250003,,0,0.0,False,True
CCHAMP25B51A,CCHAMP250001,0.0,0.0,False,True
CCHACK25STA1,,0,0.0,False,False
PCHA0024OK12,,0,0.0,False,False
CSYRSP250302,,0,0.0,False,False
PMERMP250157,,0,0.0,False,False
PCHAAF250007,,0,0.0,False,False
CSABAV250003,,0,0.0,False,False
PCASH323A001,,0,0.0,False,False
CMER12253501,,0,0.0,False,False
JMER08FS2409-CR,,0,0.0,False,False
CMER1225E161,,0,0.0,False,False
QCASCK250544,,0,0.0,False,False
QPEV14240001,,0,0.0,False,False
CSABLT240001,,0,0.0,False,True
UMER1525MD01,,0,0.0,False,False
CCAS082561R1,,0,0.0,False,True
CMERAO25Q339,,0,0.0,False,True
CMER1224CV01,CRED0024SLS2,0.0,0.0,False,False
PCASCK250546,,0,0.0,False,True
PROSEP250002,,0,0.0,False,False
CWHRPT250007,,0,0.0,False,False
CWHRFL25LEE1,,0,0.0,False,False
CCASCK25E403,,0,0.0,False,False
QMER0023PR01,,0,0.0,False,False
QROS14NVA012,,0,0.0,False,False
CWHR0025LEE3,,0,0.0,False,False
CMOU122427R2,,0,0.0,False,False
QSYREP250130,,0,0.0,False,False
CMALJW240801,,0,0.0,False,False
PCAS0024RSHP,,0,0.0,False,False
CROSHP250001,,0,0.0,False,False
CCAS0025AUMP,,0,0.0,False,True
CGEWFM250001,,0,0.0,False,False
CCHAHG25BHWA,CCHAHG250001,0.0,0.0,False,True
CWHRFS250003,,0,0.0,False,False
MWR0250024,,0,0.0,False,True
CSYR12255501,,0,0.0,False,False
CCAS0025EMCK,,0,0.0,False,False
PMERGE22A002,,0,0.0,False,False
CGRE082501P2,CGRE082501R2,0.0,0.0,False,True
GCH25-055-0015,,0,0.0,False,False
GWR25-054-0069,,0,0.0,False,False
PCASAU250019,,0,0.0,False,False
CSYRSE2411R3,,0,0.0,False,False
CGREMA2407P2,,0,0.0,False,False
GCSR25-054-0003,,0,0.0,False,True
CCASDC250703,,0,0.0,False,False
GCH25-054-0039,,0,0.0,False,True
PPIG0025LEE1,,0,0.0,False,False
GWR25-054-0035,GWR25-054-0038,0.0,0.0,False,True
CCHA12250004,,0,0.0,False,True
JMERRMWM2401-CR,,0,0.0,False,False
PCAS0024RP01,,0,0.0,False,False
UMER1525UP01,,0,0.0,False,False
CCAS1225E481,,0,0.0,False,False
CVIO12250001,,0,0.0,False,True
CCAS152599R1,,0,0.0,False,False
CCHALW250003,,0,0.0,False,True
PCASDKNVGRM2,,0,0.0,False,False
PROSCK250001,,0,0.0,False,False
CWHRFS250016,,0,0.0,False,False
CWHRZR250001,,0,0.0,False,False
PCASAU250319,,0,0.0,False,False
PSABCY250001,,0,0.0,False,False
PCASAU25E016,,0,0.0,False,False
GWR25-054-0078,,0,0.0,False,False
PPIG0025LEE3,,0,0.0,False,False
CWHREG23XLC1,,0,0.0,False,False
PCASGE23STV2,,0,0.0,False,False
CMER12244001,,0,0.0,False,False
GWR25-054-0102,,0,0.0,False,False
CSABFM250003,,0,0.0,False,False
CCASWM25E161,,0,0.0,False,False
CWHRCD250002,,0,0.0,False,False
DCHABRNV0011,,0,0.0,False,False
CCHAAF25STA1,,0,0.0,False,False
CCAS1225E193,,0,0.0,False,False
CWHREG250003,,0,0.0,False,False
CCAS0023UA01,,0,0.0,False,False
JCASSE2401,,0,0.0,False,False
CWHRLW250002,MWR0250003,0.0,0.0,False,True
CCASMP25E9B4,,0,0.0,False,False
GCH25-055-0051,,0,0.0,False,True
PCHAFL250001,,0,0.0,False,False
CGREMA2407R1,,0,0.0,False,False
QCASMP251396,,0,0.0,False,False
PCASCK250047,,0,0.0,False,False
JMERAEKE2412,,0,0.0,False,False
CCASWM25E121,,0,0.0,False,False
QCASEP251002,,0,0.0,False,False
CROSEP250006,,0,0.0,False,False
CWHREG253855,,0,0.0,False,True
CSYR0025ESE8,,0,0.0,False,False
CCAS0825E061,,0,0.0,False,False
CMER0824BB01,,0,0.0,False,True
CCHACK250002,,0,0.0,False,True
PROSUF250002,,0,0.0,False,False
QRED1423STP6,,0,0.0,False,False
PCHAHC24A001,,0,0.0,False,False
CCAS0025CV02,,0,0.0,False,True
CRED0025MIX1,,0,0.0,False,False
QCASEP250308,,0,0.0,False,False
PCASCK24EX02,,0,0.0,False,False
CCASMP25E9A4,,0,0.0,False,False
PCASCK241010,,0,0.0,False,True
CCAFMP25E011,,0,0.0,False,False
GWR25-054-0013,GWR25-054-0015,0.0,0.0,False,False
GWR25-054-0013,GWR25-054-0047,0.0,0.0,False,False
USYR15250103,,0,0.0,False,False
CMER0025IW01,,0,0.0,False,True
CRED0025RHN1,,0,0.0,False,True
CWHREG24OAK3,,0,0.0,False,False
QREWSY21PRT1,,0,0.0,False,False
PCAS0022GRM2,,0,0.0,False,False
CSYRDN2403R2,,0,0.0,False,False
CCHAUF25STA1,,0,0.0,False,False
GWR25-054-0056,,0,0.0,False,False
PMERMP250357,,0,0.0,False,True
CMER002512DC,,0,0.0,False,True
QMERFS250110,,0,0.0,False,False
PCASAU25E186,,0,0.0,False,True
QCHAAU250002,,0,0.0,False,False
CSYR0025CDEP,CSYR0025EPCD,0.0,0.0,False,True
CCHALVNV0001,,0,0.0,False,False
CMERFS2509R4,,0,0.0,False,True
JMALSE2401,,0,0.0,False,False
CMER122408R6,,0,0.0,False,False
GWR25-054-0025,,0,0.0,False,True
CSABCY250001,,0,0.0,False,False
CSYR12245501,,0,0.0,False,False
QCASCK254401,,0,0.0,False,False
PMALCR24EX03,,0,0.0,False,False
CCASDC250704,,0,0.0,False,False
CSYRDN240301,,0,0.0,False,False
CCASWS2502R1,,0,0.0,False,True
CMERFS250601,,0,0.0,False,False
CCHAWV250002,,0,0.0,False,True
CMERFS240901,,0,0.0,False,False
UCAF15259508,,0,0.0,False,False
CMER082535R4,,0,0.0,False,True
PCHACK250002,,0,0.0,False,True
CWHREG253807,CWHREG253801,0.0,0.0,False,True
CSABAF25B12A,CSABAF250001,0.0,0.0,False,True
PCHAAF250002,,0,0.0,False,False
CMER0824R301,,0,0.0,False,False
CWHREG251002,,0,0.0,False,False
DCHABRNV0009,,0,0.0,False,False
UCAF15250101,,0,0.0,False,False
CCAS082532R1,,0,0.0,False,True
GSYR25-054-0007,,0,0.0,False,True
QMER08256469,,0,0.0,False,False
CCAF1225E541,,0,0.0,False,True
QCHAAU250001,,0,0.0,False,False
CWHREG25LEE1,MWR0250006,0.0,0.0,False,True
PMERAO250135,,0,0.0,False,False
GWR25-054-0059,,0,0.0,False,False
PCHA0025LEE7,,0,0.0,False,False
CMER08243735,,0,0.0,False,False
GWR25-054-0020,,0,0.0,False,True
GWR25-054-0064,GWR25-054-0065,0.0,0.0,False,True
CSYRSE2516R1,,0,0.0,False,True
CROSID250002,,0,0.0,False,False
CCINOB2420P1,,0,0.0,False,False
CCHACK25B41A,CCHACK250001,0.0,0.0,False,True
CMER1224R402,,0,0.0,False,False
CSYRBS24BB01,,0,0.0,False,True
CCHAHG250007,,0,0.0,False,False
CCHA1225B15A,CCHA12250002,0.0,0.0,False,True
CMOUMA24E7R1,,0,0.0,False,False
UCAS15250102,,0,0.0,False,False
CCHA0825B21B,CCHA08250004,0.0,0.0,False,True
CCHAHG250008,,0,0.0,False,False
CMAL12235101,,0,0.0,False,True
CCHAAU250002,,0,0.0,False,False
QREDRW230003,,0,0.0,False,False
CCAF082515R3,,0,0.0,False,False
MWR0250021,,0,0.0,False,True
PREDXXNV2201,,0,0.0,False,False
QCASVB240001,,0,0.0,False,False
CWHRFS250022,,0,0.0,False,False
CCHA0025LEE2,,0,0.0,False,False
UMER1525LO01,,0,0.0,False,False
CCASMP25E9D3,,0,0.0,False,False
CCASB523PB01,,0,0.0,False,False
PMALMP240084,,0,0.0,False,False
CGREJW241AP1,,0,0.0,False,False
JMER122503,,0,0.0,False,False
CCHAAF25B24B,CCHAAF250013,0.0,0.0,False,True
CMERFS25E062,,0,0.0,False,False
QCASCK24SB31,,0,0.0,False,False
PCHAAF25B33A,PCHAAF250014,0.0,0.0,False,True
UCAF15259509,,0,0.0,False,False
QMERMP250003,,0,0.0,False,False
CMOUSE243BP3,,0,0.0,False,False
GWR25-054-0012,,0,0.0,False,True
CCASWM25E682,,0,0.0,False,False
GWR25-054-0018,,0,0.0,False,True
CCHBCD250002,,0,0.0,False,False
CCAS0825E042,,0,0.0,False,False
CSYR0023UA01,,0,0.0,False,False
PPIGHP250001,,0,0.0,False,True
STRIPWATER2507,CCHALT240001-DSP,0.0,0.0,False,True
PCAS0024PR07,,0,0.0,False,False
CCHAHG250003,,0,0.0,False,True
CVIOCD25B13A,CVIOCD250002,0.0,0.0,False,True
CWHRCD250004,,0,0.0,False,False
CCAFFS2501R6,,0,0.0,False,False
UCAF1825N101,,0,0.0,False,False
CCAS0024CVF1,,0,0.0,False,False
CCHALT240005,,0,0.0,False,False
PMERAO250035,,0,0.0,False,False
PMERMP250123,,0,0.0,False,False
PRED0025PR03,,0,0.0,False,False
CCAS08256201,,0,0.0,False,False
CCAS082533R1,CCAS082531R2,0.0,0.0,False,True
CSYREP253202,,0,0.0,False,False
CMERFS240501,,0,0.0,False,False
JMER08FS2409,,0,0.0,False,False
PCASBV250123,,0,0.0,False,False
CCASWS25E021,,0,0.0,False,True
CCASMP25E9B1,,0,0.0,False,False
QCASMS252405,,0,0.0,False,False
QMERMP251001,,0,0.0,False,False
JMERAE2404-CR,,0,0.0,False,False
QMER0025MPAU,,0,0.0,False,False
CCASMP25E9CD,,0,0.0,False,False
PCASAU25E118,,0,0.0,False,False
CGRE0824CHP1,,0,0.0,False,False
JMERKE2405-CR,,0,0.0,False,True
CGRESE250105,,0,0.0,False,False
CSYR122457P1,,0,0.0,False,False
CMER082402R2,,0,0.0,False,False
PSABGW250004,,0,0.0,False,False
MWR0250009,,0,0.0,False,False
CCASMP25E9D4,,0,0.0,False,False
QCASMS250305,,0,0.0,False,False
QCHA0024SG01,,0,0.0,False,False
QROS14NVCAN4,,0,0.0,False,False
PCHACK25B41A,,0,0.0,False,False
CCASDC250710,,0,0.0,False,False
CMOUSE254AR6,,0,0.0,False,True
CSABAV250004,,0,0.0,False,True
JCASAE2403,,0,0.0,False,False
GWR25-054-0014,,0,0.0,False,True
QCAS0014STV1,,0,0.0,False,False
PPIGDR250002,,0,0.0,False,False
CCAS152599R2,,0,0.0,False,False
GWR25-054-0009,,0,0.0,False,False
CCHA08250004,,0,0.0,False,True
CCHAAF250001,,0,0.0,False,False
CSYRIW25P901,,0,0.0,False,False
CMER08253701,,0,0.0,False,False
QCASMP250191,,0,0.0,False,False
GSYR25-054-0001,GSYR25-054-0018,0.0,0.0,False,True
CCAS0825E321,,0,0.0,False,True
PWHWUANV2301,,0,0.0,False,False
CCHAUA22A002,,0,0.0,False,False
CCASMP25E9C0,,0,0.0,False,False
GWR25-054-0030,,0,0.0,False,False
GWR25-054-0076,,0,0.0,False,True
DCHABRNVBASE,,0,0.0,False,False
CMER0023SAD1,CSYR0022UA06,0.0,0.0,False,True
CCHAUF24LITE,,0,0.0,False,False
PCASBV25EX14,,0,0.0,False,False
CGRE122427R1,,0,0.0,False,False
CSYR08253801,,0,0.0,False,False
CROSCV250001,,0,0.0,False,False
CMER082502R1,,0,0.0,False,True
CWHRFS250020,,0,0.0,False,False
PMERAU250103,,0,0.0,False,False
QCHABT23A002,,0,0.0,False,False
PROSTBNV0003,,0,0.0,False,False
CCHA08250002,,0,0.0,False,True
CCHAAR25BF2C,CCHAAR250003,0.0,0.0,False,True
GWR25-054-0039,,0,0.0,False,True
CWHRER24OAK3,,0,0.0,False,False
CPIGCV240001,,0,0.0,False,False
CCHAHG25TOP1,,0,0.0,False,False
PMERMP240057,,0,0.0,False,False
QCASMS25E022,,0,0.0,False,False
QREWSY22PRT1,,0,0.0,False,False
QMERAO240002,,0,0.0,False,False
CWHRHS240005,,0,0.0,False,False
QREDHT23BAS2,,0,0.0,False,False
QRED00250002,,0,0.0,False,False
JCAS082504,,0,0.0,False,False
PSYRVB240003,,0,0.0,False,False
CCAS1225EIW1,,0,0.0,False,True
PCASMP250186,,0,0.0,False,False
CMOUSE253BR3,,0,0.0,False,False
CCAS12241902,,0,0.0,False,True
UCAF15250107,,0,0.0,False,False
JCASBD2309,,0,0.0,False,False
CWHREG24CON3,,0,0.0,False,False
MWR0250006,,0,0.0,False,True
PCASGE22BBL1,,0,0.0,False,False
PCHAGE24INSA,,0,0.0,False,False
PSABAV250001,,0,0.0,False,False
PSABCK250004,,0,0.0,False,False
CCAS152506R1,,0,0.0,False,False
CROSEP250009,,0,0.0,False,False
CWHRFS250012,,0,0.0,False,False
CGEWFM25OK10,,0,0.0,False,False
PMOUJW240085,,0,0.0,False,False
CCHACV24A003,,0,0.0,False,False
CCAS08254801,,0,0.0,False,False
CCAF0825E151,,0,0.0,False,False
CMER0025CV02,,0,0.0,False,True
CMER12241202,,0,0.0,False,False
CMER1225E121,,0,0.0,False,False
QCHAAF250002,,0,0.0,False,False
CWHRTD24TUL8,,0,0.0,False,False
CCHAAU25STA1,,0,0.0,False,False
PMERGE22A003,,0,0.0,False,False
CWHRTD25WDV5,,0,0.0,False,True
CSYRSE2511R1,,0,0.0,False,True
PCASBV250109,,0,0.0,False,False
CMERRM2501R1,,0,0.0,False,True
CCAS0825E313,,0,0.0,False,False
CCAS0025IWOK,,0,0.0,False,True
CCHA12250001,,0,0.0,False,False
PCASCK240018,,0,0.0,False,False
CCHAWV25ALPH,CCHAWV25B61A,0.0,0.0,False,True
CMER122508R1,,0,0.0,False,True
CCHAUF25BBLB,CCHAUF250002,0.0,0.0,False,True
CSYREP253132,,0,0.0,False,False
UCAF15250105,,0,0.0,False,False
CWHRFS250001,,0,0.0,False,False
CSYRAE2417R1,,0,0.0,False,False
CCASIW252301,,0,0.0,False,False
PSYR0021RP11,,0,0.0,False,False
CCASMP25E9D6,,0,0.0,False,False
CCHALW25TART,CCHALW250001,0.0,0.0,False,True
